,1995,1996,1997,1998,1999,2000,2001,2002,2003,2004,2005,2006,2007,2008,2009,2010,2011,2012,2013,2014,2015,2016,2017,2018,2019,2020,2021,2022,2023,2024,2025,2026
1,4.5,1.39,2.45,2.8,3.87,3.39,0.62,4.44,3.21,4.12,2.97,2.64,4.33,2.44,1.87,2.69,2.14,4.05,3.81,2.17,3.26,5.35,4.0,2.24,3.5,3.53,4.01,4.44,3.72,5.04,4.77,2.93
2,4.45,1.32,2.33,2.68,3.6,3.34,0.64,4.4,3.19,3.94,2.94,2.6,4.36,2.42,1.87,2.59,2.03,3.97,3.77,2.07,3.17,5.18,3.98,2.11,3.43,3.38,4.02,4.39,3.7,4.92,4.65,2.76
3,4.39,1.28,2.23,2.57,3.38,3.29,0.65,4.49,3.03,3.91,3.14,2.59,4.36,1.97,1.71,2.52,2.95,3.88,3.71,1.9,3.05,5.03,3.94,1.96,3.43,3.34,4.04,4.15,3.68,4.81,4.68,2.64
4,4.33,1.16,2.06,2.47,3.18,3.32,1.04,4.34,2.95,3.89,2.97,2.59,4.44,1.96,1.56,2.44,2.03,3.87,3.72,1.78,2.68,4.84,3.84,2.02,3.46,3.3,4.0,4.13,3.61,4.74,4.6,2.45
5,4.18,1.08,1.96,2.38,3.02,3.21,0.53,4.26,2.88,3.88,2.96,2.92,4.44,1.93,1.5,1.97,2.84,3.8,3.67,1.93,2.42,4.56,3.72,1.81,3.45,3.27,4.02,4.09,3.62,4.63,4.46,2.39
6,4.06,0.76,1.87,2.31,2.42,3.14,0.52,4.11,2.84,3.36,3.08,2.77,4.44,1.93,1.42,1.93,2.73,3.71,3.61,1.87,2.26,4.47,3.35,1.72,3.37,3.27,4.0,3.8,3.61,4.57,4.11,2.51
7,3.9,0.76,1.77,2.24,2.32,3.11,0.52,4.04,2.77,3.14,2.8,2.74,4.44,1.92,1.43,1.85,2.63,3.61,3.63,1.62,2.08,4.38,3.18,1.72,3.3,3.24,4.03,3.45,3.59,4.5,4.07,2.52
8,3.75,0.74,1.69,2.17,2.23,3.07,0.51,3.83,2.76,3.13,2.79,2.74,4.54,1.92,1.27,1.84,2.54,3.57,3.62,1.41,1.74,4.41,3.07,1.67,3.21,3.15,3.96,3.22,3.58,4.36,3.95,2.6
9,3.59,0.73,1.64,2.1,2.14,3.05,0.62,3.78,2.74,2.96,2.77,2.77,4.25,1.92,1.24,2.58,2.36,3.84,3.6,1.37,1.68,4.36,3.02,1.69,3.09,3.04,3.81,3.25,3.56,4.24,3.78,2.59
10,3.25,0.72,1.6,2.05,2.08,3.03,0.63,3.72,2.63,2.99,2.89,2.75,4.21,1.91,1.22,2.57,2.36,3.84,3.54,1.32,1.59,4.34,2.91,1.77,2.98,2.88,3.81,3.23,3.54,4.11,3.46,2.71
11,3.03,0.71,1.51,2.01,2.04,3.0,1.07,3.67,2.55,3.03,2.63,2.76,4.16,2.13,1.2,2.56,2.31,3.85,3.56,1.28,1.5,4.14,2.79,1.66,2.83,2.77,3.82,2.85,3.51,3.81,3.47,2.62
12,2.82,0.7,1.44,1.96,2.03,2.9,1.05,3.59,2.46,3.1,2.42,2.88,4.09,2.11,1.2,1.5,2.29,3.78,3.58,1.49,1.42,4.03,2.67,1.59,2.66,2.65,3.82,2.89,3.47,3.6,3.37,2.61
13,2.64,0.68,1.39,1.92,1.89,2.79,1.04,3.54,2.39,2.67,2.63,2.57,3.94,2.09,1.05,1.49,2.31,3.66,3.55,1.57,1.37,3.8,2.71,1.47,2.65,2.56,3.79,2.79,3.42,3.48,3.4,2.6
14,2.49,0.62,1.35,1.79,1.81,2.7,1.03,3.6,2.21,2.88,1.32,2.48,3.74,2.32,1.04,1.35,2.26,3.51,3.52,1.7,1.26,3.74,2.69,1.41,2.51,2.53,3.74,2.62,3.28,3.13,3.38,2.56
15,2.35,0.73,1.26,1.7,1.77,2.43,1.04,3.46,2.13,3.22,1.23,2.41,3.59,2.2,0.72,1.33,2.16,3.42,3.49,1.74,1.27,3.61,2.72,1.36,2.47,2.49,3.67,2.49,3.27,3.11,3.28,2.23
16,2.26,0.73,1.21,1.64,1.48,2.29,1.04,3.36,2.07,2.31,1.19,2.36,3.09,2.12,0.72,1.31,2.14,3.28,3.42,1.74,1.17,3.19,2.7,1.24,2.43,2.45,3.61,2.41,3.2,3.05,3.17,2.05
17,2.15,0.73,1.16,1.56,1.46,2.23,1.04,3.26,1.89,2.36,1.12,2.17,3.05,2.07,0.71,1.29,2.02,3.31,3.39,1.71,1.27,2.96,2.7,1.24,2.37,2.19,3.57,2.34,3.29,2.86,3.26,2.04
18,2.06,0.72,0.9,1.51,1.44,2.18,1.02,3.14,1.83,2.41,0.96,2.12,2.98,2.0,0.71,1.29,2.05,3.15,3.25,1.66,1.31,2.83,2.7,1.33,2.28,2.17,3.42,2.3,3.28,2.79,3.02,2.03
19,1.99,0.67,0.84,1.47,1.4,1.81,1.02,3.05,1.77,2.54,0.93,2.2,1.75,1.95,0.72,1.1,2.06,3.03,3.22,1.54,1.19,2.79,2.66,1.23,2.11,2.13,3.29,2.36,3.28,2.63,2.74,1.99
20,1.93,0.62,0.81,1.44,1.35,1.64,1.03,2.96,1.75,2.5,1.03,1.88,1.72,1.81,0.71,1.09,2.01,2.69,3.2,1.43,1.06,2.63,2.76,1.26,1.96,2.03,3.2,2.15,3.21,2.47,2.4,1.79
21,1.88,0.61,0.81,1.45,1.31,1.54,1.04,2.88,1.46,2.46,0.79,1.83,1.68,1.47,0.7,1.28,1.71,2.57,3.16,0.93,0.97,2.58,2.77,1.32,1.84,2.05,3.06,2.0,3.16,2.59,2.22,1.54
22,1.84,0.6,0.74,1.46,1.46,1.24,1.04,2.74,1.41,3.37,0.78,1.81,1.66,1.46,0.74,1.28,1.65,2.45,2.87,0.73,0.9,2.49,2.76,1.29,1.68,2.1,3.03,1.97,3.08,2.49,2.12,1.33
23,1.8,0.6,0.71,1.46,1.46,1.18,1.01,2.66,1.37,1.47,0.78,1.83,1.6,1.45,0.73,1.29,1.37,2.58,2.66,0.55,1.0,2.43,2.75,1.25,1.75,2.09,2.88,1.97,3.01,2.54,2.1,1.08
24,1.77,0.59,0.7,1.36,1.48,1.15,0.97,2.68,0.97,1.46,0.79,1.82,1.59,1.23,0.72,1.28,1.2,2.7,2.62,0.53,1.09,2.43,2.69,1.09,1.7,2.12,2.63,1.87,2.96,2.52,1.81,1.0
25,1.75,0.59,0.59,1.29,1.47,1.19,0.95,2.74,0.94,1.45,0.68,1.79,2.13,1.22,0.62,1.27,0.93,2.69,2.54,0.7,0.98,2.55,2.62,1.11,1.56,2.15,2.64,1.73,2.86,2.52,1.89,0.94
26,1.73,0.57,0.54,1.25,1.48,1.15,0.83,2.78,0.91,1.44,0.69,1.96,1.94,1.23,0.62,1.28,1.13,1.77,2.44,0.86,0.87,2.6,2.38,1.22,1.47,2.12,2.61,1.47,2.68,2.51,2.14,0.73
27,1.71,0.56,0.53,1.23,1.44,1.12,0.79,2.79,0.91,1.34,0.73,1.86,1.89,1.23,0.49,1.26,1.1,2.73,2.16,0.92,0.77,2.58,2.38,1.26,1.37,2.1,2.57,1.58,2.49,2.47,2.19,0.87
28,1.68,0.56,0.52,1.2,1.44,1.26,0.77,2.8,0.81,1.33,0.61,1.95,1.82,1.07,0.49,1.11,1.09,2.74,2.08,0.75,0.63,2.53,2.37,1.32,1.16,2.08,2.49,1.48,2.46,2.35,2.05,0.84
29,1.66,0.56,0.49,1.32,1.44,1.07,0.76,2.79,0.79,1.64,0.61,1.97,1.74,1.07,0.45,1.07,0.99,2.66,2.17,0.69,0.67,2.5,2.3,1.24,1.29,2.02,2.44,1.25,2.35,2.48,2.04,0.74
30,1.64,0.57,0.48,1.38,1.44,1.03,0.76,2.76,0.85,0.9,0.6,1.97,1.67,1.07,0.45,1.04,0.88,2.58,2.1,0.58,0.64,2.53,2.18,1.11,1.28,1.93,2.29,1.25,2.28,2.53,1.86,0.62
31,1.61,0.55,0.47,1.15,1.46,1.0,0.78,2.74,0.78,0.86,0.67,1.89,1.57,1.0,0.45,1.0,0.85,2.53,1.92,0.66,0.37,2.55,2.09,1.14,1.14,1.85,2.29,1.21,2.22,2.57,1.87,0.49
32,1.58,0.54,0.43,1.14,1.56,1.0,0.79,2.62,0.76,0.87,0.52,1.85,1.55,1.0,0.46,0.93,0.85,2.54,1.74,0.76,0.8,2.61,2.12,1.15,1.02,1.85,2.37,1.26,2.2,2.56,1.51,0.42
33,1.56,0.53,0.4,1.12,1.6,1.02,0.8,2.56,0.75,0.86,0.52,2.01,1.32,0.99,0.45,0.84,0.75,2.55,1.66,0.74,0.69,2.6,2.09,1.01,0.93,1.84,2.36,1.21,2.2,2.58,1.3,0.42
34,1.53,0.33,0.4,1.12,1.59,0.92,0.79,2.51,0.78,0.7,0.58,1.83,1.21,0.98,0.47,0.84,0.92,2.43,1.6,0.62,0.65,2.58,2.01,0.97,0.92,1.85,2.41,1.3,2.12,2.53,1.66,0.48
35,1.21,0.32,0.4,1.13,1.51,0.99,0.78,2.52,0.66,0.64,0.59,1.81,1.16,0.94,0.47,0.87,0.93,2.43,1.49,0.35,0.64,2.55,1.92,0.89,0.89,1.82,2.39,1.11,2.01,2.6,1.64,0.51
36,1.07,0.32,0.37,1.17,1.52,1.06,0.77,2.72,0.65,0.85,0.61,1.79,1.13,0.92,0.36,0.89,0.96,2.48,1.37,0.37,0.48,2.51,1.87,0.68,0.97,1.78,2.43,0.9,1.94,2.66,1.57,0.43
37,0.99,0.29,0.4,1.22,1.49,1.11,0.78,2.84,0.66,0.57,0.6,1.81,0.97,0.91,0.36,0.9,0.94,2.5,1.51,0.32,0.5,2.5,1.74,0.74,0.92,1.75,2.31,0.93,1.94,2.64,1.41,0.36
38,0.86,0.28,0.51,1.19,1.48,1.09,0.77,2.73,0.58,0.56,1.19,1.41,0.89,0.79,0.35,0.92,0.87,2.47,1.41,0.25,0.2,2.46,1.69,0.42,0.87,1.64,2.21,1.14,2.05,2.69,1.48,0.47
39,0.8,0.28,0.47,1.14,1.46,1.08,0.75,2.37,0.52,0.55,0.89,1.28,0.91,0.77,0.35,0.91,0.83,2.44,1.52,0.25,0.2,2.46,1.76,0.53,0.86,1.57,2.17,1.1,2.08,2.75,1.44,0.46
40,0.78,0.28,0.47,1.11,1.45,1.04,0.68,2.25,0.49,0.62,0.84,1.29,0.66,0.73,0.42,0.71,0.76,2.45,1.32,0.2,0.39,2.39,1.82,0.53,0.83,1.58,1.99,1.06,2.11,2.77,1.35,0.36
41,0.76,0.2,0.46,1.12,1.5,0.99,0.64,2.1,0.48,0.49,0.91,1.13,0.66,0.7,0.42,0.69,0.76,2.42,1.32,0.2,0.4,2.26,1.76,0.49,0.68,1.59,1.89,1.07,2.09,2.8,1.24,0.38
42,0.69,0.2,0.47,1.09,1.6,0.98,0.61,1.98,0.44,0.5,0.56,1.12,0.65,0.61,0.42,0.68,0.74,2.31,1.61,0.2,0.41,2.08,1.75,0.39,0.58,1.59,1.78,1.09,2.18,2.76,1.17,0.42
43,0.68,0.2,0.41,1.06,1.43,0.92,0.6,1.87,0.44,0.64,0.58,1.12,0.62,0.61,0.35,0.66,0.65,2.23,1.6,0.2,0.37,1.93,1.7,0.38,0.57,1.59,1.64,1.05,2.18,2.7,1.13,0.4
44,0.66,0.2,0.4,1.06,1.35,0.91,0.6,1.79,0.42,0.53,0.59,1.13,0.34,0.59,0.36,0.65,0.65,2.22,1.49,0.2,0.38,1.59,1.72,0.39,0.61,1.54,1.51,0.8,2.15,2.63,1.07,0.39
45,0.62,0.2,0.39,1.05,1.42,0.91,0.6,1.83,0.24,0.53,0.59,1.1,0.33,0.62,0.35,0.64,0.8,2.28,1.5,0.2,0.38,1.31,1.75,0.48,0.63,1.4,1.18,0.63,2.17,2.53,1.08,0.41
46,0.6,0.2,0.36,1.13,1.49,0.92,0.59,1.78,0.24,0.5,0.59,1.09,0.39,0.61,0.34,0.62,0.83,2.26,1.36,0.2,0.34,1.45,1.83,0.45,0.62,1.37,1.11,0.74,2.2,2.51,1.02,0.41
47,0.72,0.2,0.35,1.15,1.44,0.92,0.53,1.75,0.24,0.5,0.58,1.23,0.3,0.6,0.3,0.63,0.83,2.17,1.49,0.2,0.27,1.5,1.8,0.44,0.6,1.4,1.13,0.81,2.13,2.46,1.0,0.42
48,0.83,0.2,0.35,1.21,1.39,0.93,0.4,1.73,0.24,0.41,0.83,1.03,0.3,0.6,0.3,0.62,0.91,2.02,1.35,0.2,0.27,1.52,1.83,0.48,0.55,1.38,1.16,0.82,1.96,2.38,0.78,0.42
49,0.8,0.2,0.35,1.23,1.33,0.97,0.4,1.7,0.21,0.4,0.7,1.01,0.3,0.5,0.31,0.6,0.95,1.96,1.28,0.2,0.26,1.48,1.96,0.62,0.49,1.4,1.11,0.8,1.88,2.31,0.78,0.43
50,0.79,0.2,0.34,1.25,1.29,0.89,0.4,1.65,0.21,0.44,0.69,0.99,0.3,0.5,0.36,0.61,1.06,1.92,1.34,0.2,0.2,1.46,2.01,0.55,0.49,1.4,1.07,0.86,1.83,2.03,0.71,0.39
51,0.76,0.2,0.34,1.38,1.16,0.88,0.39,1.57,0.29,0.35,0.68,0.99,0.42,0.49,0.36,0.61,1.03,1.94,1.4,0.2,0.2,1.46,1.96,0.49,0.45,1.32,0.98,0.8,1.86,2.09,0.63,0.4
52,0.75,0.2,0.33,1.26,1.07,0.88,0.38,1.5,0.22,0.34,0.68,0.91,0.42,0.44,0.36,0.6,0.85,1.98,1.34,0.2,0.2,1.48,1.97,0.73,0.45,1.31,1.02,0.83,1.89,2.3,0.59,0.3
53,0.78,0.2,0.32,1.26,1.05,0.9,0.4,1.44,0.22,0.34,0.54,0.91,0.53,0.44,0.36,0.59,0.71,1.98,1.19,0.22,0.2,1.53,2.04,0.64,0.48,1.47,1.15,0.77,1.85,2.31,0.68,0.32
54,0.82,0.2,0.31,1.35,0.86,0.87,0.4,1.41,0.22,0.43,0.48,1.04,0.34,0.44,0.33,0.66,0.61,2.01,1.09,0.2,0.2,1.52,2.07,0.63,0.49,1.52,1.24,0.6,1.65,2.29,0.73,0.42
55,0.82,0.2,0.31,1.37,0.75,0.84,0.4,1.41,0.28,0.41,0.49,0.72,0.34,0.44,0.31,0.65,0.57,1.99,1.01,0.26,0.2,1.44,2.05,0.73,0.45,1.49,1.24,0.55,1.39,2.17,0.66,0.39
56,0.67,0.2,0.32,1.39,0.75,0.85,0.39,1.44,0.2,0.41,0.45,0.71,0.35,0.4,0.3,0.77,0.59,1.94,1.08,0.23,0.2,1.46,1.97,0.81,0.49,1.43,1.32,0.55,1.43,2.2,0.74,0.39
57,0.62,0.22,0.2,1.35,0.85,0.83,0.38,1.48,0.2,0.46,0.46,0.7,0.35,0.4,0.3,0.76,0.65,1.93,1.04,0.2,0.2,1.51,1.88,0.85,0.46,1.39,1.42,0.53,1.52,2.22,0.79,0.4
58,0.6,0.2,0.2,1.32,0.88,0.79,0.38,1.51,0.2,0.38,0.45,0.71,0.4,0.39,0.29,0.77,0.65,1.93,1.02,0.2,0.2,1.55,1.83,0.9,0.41,1.28,1.45,0.66,1.52,2.35,0.87,0.38
59,0.52,0.2,0.2,1.28,0.93,0.78,0.38,1.5,0.2,0.39,0.48,0.7,0.4,0.45,0.3,0.76,0.6,1.92,1.06,0.2,0.2,1.53,1.81,0.95,0.37,1.21,1.44,0.66,1.51,2.39,0.89,0.51
60,0.5,0.2,0.2,1.25,0.96,1.04,0.37,1.41,0.2,0.39,0.45,0.7,0.44,0.43,0.3,0.76,0.62,1.95,1.11,0.2,0.2,1.51,1.77,0.92,0.2,1.13,1.45,0.64,1.52,2.39,0.82,0.38
61,0.56,0.2,0.2,1.23,1.06,1.06,0.36,1.36,0.2,0.49,0.44,0.87,0.36,0.42,0.2,0.78,0.64,1.97,1.07,0.2,0.2,1.52,1.64,0.86,0.32,1.11,1.42,0.63,1.5,2.42,0.79,0.32
62,0.64,0.2,0.2,1.22,0.91,1.11,0.36,1.33,0.2,0.44,0.49,0.81,0.36,0.42,0.2,0.77,0.6,2.06,1.02,0.2,0.2,1.37,1.57,0.87,0.29,1.15,1.42,0.56,1.53,2.51,0.25,0.36
63,0.55,0.2,0.28,1.23,0.86,1.29,0.36,1.32,0.2,0.44,0.42,0.82,0.36,0.41,0.2,0.77,0.56,2.07,1.0,0.2,0.2,1.29,1.46,0.89,0.28,1.16,1.36,0.55,1.64,2.57,0.83,0.35
64,0.53,0.2,0.2,1.24,0.82,1.36,0.39,1.31,0.2,0.54,0.42,0.81,0.36,0.43,0.2,0.8,0.55,1.99,0.99,0.2,0.2,1.28,1.51,0.85,0.22,1.22,1.34,0.57,1.64,2.73,0.85,0.38
65,0.45,0.2,0.2,1.42,0.73,1.51,0.38,1.32,0.2,0.46,0.42,0.88,0.25,0.43,0.2,0.82,0.53,1.95,1.01,0.2,0.2,1.29,1.58,0.84,0.29,1.26,1.32,0.64,1.69,2.77,0.95,0.4
66,0.42,0.2,0.2,1.19,0.81,1.36,0.38,1.36,0.2,0.46,0.45,0.83,0.26,0.42,0.2,0.83,0.53,2.03,1.03,0.2,0.22,1.38,1.65,0.88,0.24,1.22,1.28,0.66,1.66,2.76,0.95,0.41
67,0.44,0.2,0.2,1.17,0.79,1.14,0.36,1.34,0.2,0.46,0.4,0.87,0.25,0.41,0.2,0.85,0.59,2.21,1.05,0.2,0.2,1.64,1.7,0.8,0.2,1.24,1.34,0.63,1.72,2.77,0.92,0.51
68,0.32,0.2,0.2,1.15,0.77,1.1,0.36,1.31,0.2,0.65,0.4,0.96,0.25,0.4,0.2,0.74,0.5,2.26,1.06,0.2,0.2,1.66,1.68,0.81,0.2,1.36,1.4,0.67,1.67,2.79,0.97,0.52
69,0.3,0.2,0.2,1.11,0.72,1.21,0.39,1.27,0.2,0.62,0.41,0.86,0.25,0.39,0.27,0.73,0.6,2.35,1.09,0.2,0.21,1.72,1.57,0.81,0.2,1.41,1.51,0.65,1.63,2.74,1.02,0.54
70,0.29,0.2,0.2,1.05,0.64,1.24,0.42,1.16,0.2,0.62,0.36,0.88,0.25,0.4,0.27,0.78,0.66,2.43,1.14,0.22,0.34,1.88,1.45,0.82,0.2,1.46,1.67,0.74,1.66,2.67,1.09,0.59
71,0.27,0.2,0.2,1.01,0.66,1.25,0.49,1.16,0.2,0.7,0.36,0.89,0.25,0.47,0.27,0.8,0.66,2.45,1.15,0.21,0.33,1.88,1.25,0.85,0.33,1.46,1.69,0.68,1.66,2.61,1.05,0.58
72,0.32,0.2,0.2,0.99,0.65,1.21,0.43,1.48,0.2,0.66,0.36,0.91,0.43,0.48,0.27,0.84,0.65,2.52,1.19,0.2,0.31,1.98,1.19,0.88,0.34,1.47,1.77,0.65,1.63,2.6,1.05,0.52
73,0.38,0.2,0.2,1.02,0.57,1.21,0.4,1.37,0.2,0.73,0.39,0.84,0.42,0.41,0.28,0.86,0.75,2.6,1.18,0.22,0.35,1.98,1.12,0.92,0.35,1.51,1.77,0.65,1.6,2.71,1.05,0.57
74,0.39,0.2,0.2,0.98,0.64,1.24,0.36,1.38,0.2,0.75,0.36,0.8,0.43,0.41,0.28,0.87,0.67,2.67,1.16,0.2,0.38,1.97,1.14,0.89,0.35,1.56,1.71,0.63,1.61,2.72,1.14,0.54
75,0.38,0.2,0.2,0.93,0.68,1.14,0.36,1.46,0.2,0.91,0.37,1.19,0.35,0.41,0.28,1.02,0.79,2.99,1.06,0.2,0.39,1.94,1.18,0.97,0.64,1.55,1.69,0.69,1.63,2.72,1.11,0.48
76,0.38,0.2,0.2,1.06,0.7,1.07,0.36,1.48,0.2,0.72,0.41,0.97,0.35,0.4,0.2,1.14,0.77,3.31,1.01,0.2,0.39,1.92,1.09,0.98,0.6,1.5,1.71,0.75,1.65,2.68,1.27,0.56
77,0.39,0.2,0.2,1.07,0.79,0.93,0.36,1.48,0.2,0.75,0.33,0.97,0.35,0.39,0.2,1.09,0.7,3.74,1.01,0.2,0.43,1.97,1.26,1.0,0.71,1.55,1.74,0.86,1.62,2.65,1.33,0.54
78,0.4,0.2,0.2,1.11,0.88,1.46,0.4,1.48,0.2,0.88,0.34,1.01,0.35,0.39,0.2,1.05,0.67,4.09,1.07,0.2,0.4,1.96,1.27,0.94,0.58,1.56,1.75,0.84,1.55,2.59,1.37,0.5
79,0.43,0.2,0.2,1.16,0.86,1.3,0.42,1.46,0.2,0.98,0.34,1.04,0.39,0.41,0.2,1.07,0.74,4.33,1.14,0.2,0.37,1.94,1.32,0.91,0.7,1.57,1.92,0.93,1.62,2.52,1.31,0.2
80,0.48,0.2,0.2,1.19,0.81,1.3,0.44,1.51,0.2,1.18,0.46,1.06,0.4,0.47,0.2,1.08,0.7,4.82,1.16,0.2,0.2,1.91,1.38,0.91,0.81,1.55,2.0,0.99,1.64,2.47,1.26,0.49
81,0.57,0.2,0.2,1.22,0.78,1.35,0.37,1.4,0.2,1.28,0.45,1.07,0.56,0.47,0.2,1.08,0.69,5.23,1.13,0.2,0.2,1.97,1.34,0.9,1.02,1.52,2.05,0.98,1.67,2.39,1.29,0.5
82,0.67,0.2,0.2,1.25,0.87,1.27,0.32,1.38,0.2,1.84,0.47,1.31,0.57,0.47,0.2,1.18,0.69,5.14,1.12,0.2,0.33,2.07,1.29,1.01,1.09,1.51,2.06,0.9,1.76,2.3,1.13,0.51
83,1.02,0.2,0.2,1.38,0.91,1.14,0.3,1.38,0.2,1.69,0.54,1.23,0.57,0.47,0.2,1.12,0.61,4.63,1.08,0.22,0.28,2.11,1.37,1.09,1.17,1.56,2.11,0.85,1.81,2.33,1.2,0.46
84,0.77,0.2,0.2,1.55,1.03,1.07,0.31,1.34,0.2,1.66,0.52,1.24,0.63,0.47,0.2,1.2,0.58,4.08,1.32,0.22,0.33,2.17,1.45,1.08,1.06,1.62,2.17,0.87,1.85,2.3,1.29,0.46
85,0.8,0.2,0.2,1.63,1.21,1.15,0.35,1.22,0.2,1.84,0.54,1.24,0.7,0.54,0.2,1.28,0.6,3.64,1.41,0.2,0.37,2.17,1.57,1.13,1.09,1.69,2.19,0.9,1.88,2.34,1.32,0.6
86,0.73,0.2,0.2,1.74,1.07,1.12,0.35,1.08,0.2,1.42,0.57,1.3,0.79,0.5,0.2,1.33,0.66,3.42,1.49,0.21,0.38,2.18,1.64,1.12,1.07,1.78,2.21,0.89,1.86,2.42,1.33,0.57
87,0.86,0.2,0.2,1.75,0.91,1.3,0.36,1.51,0.2,1.3,0.76,1.36,0.76,0.52,0.2,1.37,0.67,3.37,1.51,0.2,0.39,2.31,1.6,1.13,1.13,1.91,2.23,0.88,1.83,2.51,1.31,0.57
88,0.84,0.2,0.2,1.71,0.97,1.52,0.38,1.38,0.2,1.21,0.75,1.37,0.98,0.55,0.2,1.41,0.72,3.45,1.54,0.2,0.35,2.42,1.66,1.08,1.2,1.96,2.27,0.86,1.85,2.56,1.29,0.64
89,0.78,0.2,0.2,1.69,0.9,1.71,0.39,1.5,0.2,1.3,0.74,1.64,0.84,0.57,0.2,1.51,0.58,3.44,1.58,0.21,0.5,2.47,1.74,1.06,1.16,2.07,2.32,0.9,1.89,2.56,1.27,0.79
90,0.75,0.2,0.2,1.68,0.86,1.9,0.4,1.74,0.2,1.27,0.84,1.59,0.84,0.58,0.2,1.53,0.77,3.42,1.58,0.3,0.52,2.44,1.84,1.08,1.06,2.21,2.34,0.88,1.94,2.57,1.33,0.82
91,0.75,0.2,0.2,1.66,0.95,2.25,0.39,1.57,0.2,1.23,0.81,1.6,0.84,0.58,0.45,1.6,0.48,3.44,1.55,0.3,0.56,2.43,2.01,1.08,1.1,2.27,2.36,0.94,1.97,2.66,1.43,
92,0.8,0.2,0.2,1.74,1.07,1.73,0.42,1.53,0.2,1.57,0.82,1.58,0.84,0.67,0.47,1.65,0.5,3.47,1.49,0.28,0.58,2.41,2.07,1.1,1.13,2.33,2.43,0.92,1.99,2.72,1.48,
93,0.82,0.2,0.2,1.8,1.19,1.68,0.42,1.56,0.39,1.46,0.84,1.69,0.75,0.73,0.49,1.67,0.9,3.54,1.57,0.2,0.58,2.39,2.12,1.13,1.16,2.38,2.44,0.92,2.05,2.76,1.56,
94,0.82,0.2,0.2,1.82,1.31,1.85,0.51,1.7,0.37,1.45,1.11,1.69,0.72,0.74,0.5,1.7,1.17,3.55,1.6,0.32,0.67,2.35,2.15,1.08,1.17,2.34,2.48,0.99,2.12,2.89,1.6,
95,0.84,0.2,0.2,1.85,1.43,1.91,0.64,1.68,0.36,1.36,1.15,1.72,1.03,0.76,0.5,1.76,1.33,3.57,1.62,0.33,0.73,2.3,2.23,1.11,1.18,2.38,2.59,1.23,2.23,3.02,1.64,
96,0.87,0.33,0.2,1.53,1.93,1.95,0.49,1.69,0.36,1.46,1.22,1.93,0.95,0.79,0.5,2.7,1.46,3.63,1.63,0.2,0.78,2.27,2.33,1.04,1.3,2.43,2.84,1.31,2.3,3.12,1.68,
97,0.91,0.3,0.2,1.73,1.94,2.0,0.51,1.45,0.5,1.6,1.62,1.96,0.93,0.82,0.67,2.63,1.52,3.72,1.7,0.45,0.82,2.3,2.38,1.02,1.39,2.43,3.33,1.35,2.29,3.27,1.69,
98,0.85,0.29,0.2,1.86,1.95,2.21,0.48,1.62,0.2,1.75,1.67,1.99,0.92,0.86,0.68,2.55,1.55,3.8,1.75,0.55,0.87,2.36,2.45,1.0,1.48,2.48,3.61,1.45,2.32,3.36,1.65,
99,0.87,0.33,0.2,2.03,1.94,2.27,0.45,1.78,0.2,2.03,1.71,2.08,0.89,0.96,0.69,2.49,1.68,3.82,1.82,0.62,0.94,2.37,2.48,1.02,1.61,2.57,3.56,1.53,2.47,3.42,1.65,
100,0.94,0.31,0.2,1.98,1.93,2.28,0.49,1.98,0.2,1.82,1.73,2.4,1.14,0.98,0.68,2.5,1.79,3.78,1.9,0.76,0.95,2.38,2.54,1.08,1.62,2.59,3.41,1.62,2.61,3.47,1.75,
101,1.02,0.35,0.2,2.0,2.1,1.94,0.47,1.83,0.2,1.8,1.95,2.5,1.2,0.98,0.69,2.57,2.04,3.75,1.97,0.72,1.03,2.41,2.61,1.1,1.74,2.58,3.47,1.62,2.86,3.53,1.83,
102,1.07,0.33,0.2,2.4,2.35,1.94,0.87,1.98,0.2,1.79,1.97,2.68,1.38,1.02,0.72,2.6,2.08,3.72,2.04,0.8,1.14,2.43,2.72,1.15,1.77,2.61,3.63,1.62,3.42,3.64,1.98,
103,1.12,0.34,0.2,2.46,2.6,2.15,0.86,2.09,0.2,1.85,2.0,2.88,1.38,1.04,0.74,3.55,2.1,3.75,2.09,0.76,1.38,2.43,2.85,1.24,1.85,2.61,3.77,1.72,3.76,3.81,2.04,
104,1.17,0.33,0.2,2.57,2.66,2.07,0.85,2.2,0.91,1.9,2.39,2.77,1.41,1.05,0.79,3.64,2.1,3.87,2.11,0.79,1.57,2.55,3.03,1.34,1.89,2.65,3.78,1.79,3.81,3.92,2.1,
105,1.09,0.32,0.36,2.58,2.88,2.18,0.81,2.37,0.87,1.98,2.33,2.61,1.5,1.05,0.81,3.75,2.09,4.0,2.19,0.78,1.63,2.73,3.16,1.36,2.01,2.65,3.76,1.8,3.83,4.06,2.2,
106,1.69,0.27,0.33,2.66,2.85,2.37,0.84,2.62,0.88,2.25,2.39,2.73,1.6,1.32,1.01,3.85,2.09,4.11,2.23,0.86,1.7,2.92,3.14,1.45,1.97,2.61,3.73,1.88,3.74,4.14,2.29,
107,1.6,0.25,0.31,2.78,2.8,2.48,0.81,2.57,0.91,2.36,2.57,2.99,1.83,1.5,1.06,3.9,2.15,4.2,2.24,0.91,1.84,3.17,3.08,1.46,1.92,2.64,3.74,1.91,3.59,4.21,2.38,
108,1.6,0.32,0.4,2.86,2.8,2.55,0.9,2.6,0.93,2.42,2.81,3.18,1.96,1.9,1.08,3.91,2.25,4.25,2.24,0.96,1.86,3.31,3.15,1.46,1.97,2.74,3.78,1.93,3.51,4.3,2.41,
109,1.65,0.32,0.31,2.86,2.97,2.65,1.13,2.5,0.96,2.41,3.0,3.43,2.16,2.15,1.08,3.92,2.24,4.29,2.26,1.04,1.82,3.33,3.28,1.48,2.02,2.81,3.79,1.98,3.45,4.34,2.48,
110,1.66,0.4,0.4,2.87,3.28,2.72,1.47,2.8,0.98,2.46,2.96,3.83,2.16,2.2,1.1,4.06,2.33,4.36,2.24,1.11,2.06,3.3,3.41,1.57,1.99,2.78,3.75,2.04,3.45,4.35,2.55,
111,1.75,0.43,0.44,3.15,3.22,2.81,1.62,2.74,1.02,2.44,3.04,3.83,2.24,2.27,2.45,4.17,2.4,4.38,2.32,1.16,1.82,3.38,3.5,1.62,2.02,2.92,3.72,2.17,3.47,4.26,2.81,
112,1.81,0.45,0.81,3.66,3.27,2.91,1.75,2.93,1.04,2.46,3.0,3.83,2.36,2.3,2.53,4.25,2.5,4.37,2.47,1.28,1.92,3.5,3.55,1.78,2.13,2.95,3.76,2.24,3.44,4.24,2.93,
113,1.78,0.55,0.79,3.43,3.48,3.01,1.89,3.2,1.16,2.64,2.98,3.84,2.51,3.13,2.6,4.4,2.59,4.42,2.56,1.39,2.05,3.56,3.54,1.95,2.26,2.98,3.85,2.33,3.41,4.32,2.94,
114,1.92,0.55,0.77,3.49,3.54,3.52,1.95,3.17,1.14,2.56,2.95,3.96,2.47,2.94,2.81,4.56,2.65,4.49,2.67,1.4,1.99,3.61,3.57,2.03,2.31,2.99,3.86,2.41,3.39,4.39,3.05,
115,2.0,0.64,1.0,3.43,3.52,3.72,2.05,3.13,1.21,2.51,3.04,3.94,2.56,3.1,2.93,4.71,2.77,4.59,2.8,1.4,2.01,3.63,3.67,2.09,2.34,3.04,3.86,2.54,3.36,4.48,3.18,
116,2.08,0.62,0.98,3.61,4.41,4.29,2.32,3.08,1.47,2.59,3.06,3.93,2.76,3.08,3.02,4.83,2.88,4.72,3.03,1.34,2.1,3.67,3.81,2.15,2.38,3.06,3.88,2.56,3.36,4.5,3.27,
117,2.15,0.69,1.04,3.69,3.99,3.73,2.38,3.05,1.57,2.75,3.11,4.08,2.85,2.99,3.26,4.97,3.01,4.75,3.36,1.47,2.3,3.7,4.05,2.25,2.38,3.24,3.97,2.59,3.44,4.46,3.37,
118,2.24,0.76,1.1,3.43,4.15,3.87,2.6,3.13,1.72,2.89,3.36,4.23,2.92,2.94,3.19,4.96,3.19,4.74,3.58,1.59,2.49,3.7,4.24,2.39,2.52,3.42,4.12,2.69,3.55,4.52,3.51,
119,2.32,0.86,1.03,3.65,4.66,4.14,2.6,3.25,1.72,3.05,3.41,4.37,3.0,2.93,3.2,5.02,3.13,4.78,4.04,1.69,2.67,3.76,4.27,2.46,2.58,3.53,4.26,2.85,3.6,4.63,3.68,
120,2.37,1.08,1.14,4.02,4.88,4.19,3.15,3.41,1.72,3.35,3.49,4.56,3.34,3.12,3.24,5.34,3.42,4.89,4.68,1.74,2.95,3.87,4.33,2.61,2.63,3.69,4.34,2.95,3.71,4.84,3.82,
121,2.5,1.0,1.22,4.35,5.62,4.15,3.17,3.42,1.66,3.37,3.56,4.8,3.41,3.48,3.55,5.69,3.67,5.0,5.22,1.93,3.12,3.95,4.41,2.91,2.75,3.89,4.4,2.99,3.8,5.05,3.85,
122,2.73,0.98,1.36,4.65,5.19,4.15,3.28,3.62,1.64,3.31,3.68,5.03,3.44,3.59,3.6,5.88,3.76,5.22,5.14,2.04,3.28,4.07,4.46,3.02,2.85,4.03,4.45,3.09,3.88,5.19,3.98,
123,2.89,0.96,1.47,4.96,5.62,4.36,3.49,3.62,1.81,3.32,3.76,5.25,3.62,3.77,3.73,6.01,3.75,5.56,5.03,2.03,3.47,4.2,4.51,3.07,2.92,4.16,4.56,3.2,3.91,5.33,4.09,
124,3.21,1.15,1.54,5.28,5.85,4.63,3.69,4.23,1.94,3.6,3.81,5.32,3.76,3.95,3.92,5.99,3.77,5.86,4.9,2.03,3.61,4.34,4.53,3.22,3.03,4.26,4.65,3.27,3.95,5.46,4.16,
125,3.54,1.19,1.42,5.71,6.05,5.06,3.84,3.45,1.75,3.56,3.81,5.25,3.81,4.04,4.05,5.96,3.84,6.1,4.98,2.15,3.84,4.55,4.57,3.34,3.2,4.29,4.67,3.27,4.02,5.63,4.3,
126,3.78,1.24,1.84,6.19,5.86,5.53,3.87,3.53,1.85,3.53,3.87,5.26,3.81,4.07,4.15,5.88,3.91,6.21,5.19,2.22,4.15,4.74,4.62,3.38,3.3,4.28,4.7,3.45,4.16,5.88,4.5,
127,3.53,1.41,1.8,6.27,5.85,5.91,3.85,3.67,1.96,3.62,4.11,5.4,4.04,4.1,4.36,5.81,4.0,6.26,5.52,2.34,4.48,4.92,4.65,3.5,3.31,4.33,4.78,3.71,4.26,6.04,4.65,
128,3.22,1.54,2.02,6.14,5.89,6.09,3.66,3.96,2.82,3.78,4.26,5.61,4.35,4.17,4.59,5.72,4.09,6.49,5.71,2.51,4.54,4.97,4.69,3.69,3.32,4.28,4.85,3.91,4.38,6.24,4.7,
129,3.31,1.64,2.37,5.71,5.95,6.05,3.87,4.31,2.82,4.02,4.41,5.72,4.64,4.26,4.58,5.67,4.14,6.65,5.7,2.73,4.48,4.97,4.76,3.76,3.38,4.2,4.91,4.18,4.57,6.5,4.84,
130,3.51,1.69,2.59,6.1,6.24,5.93,3.8,4.75,2.84,4.3,4.74,5.73,4.9,4.33,4.51,5.74,4.19,6.73,5.53,2.86,4.35,5.06,4.91,3.74,3.43,4.15,5.01,4.39,4.72,6.71,4.95,
131,3.67,1.75,2.43,6.3,5.99,5.92,3.93,4.72,2.86,4.47,4.76,5.75,4.96,4.47,4.57,5.94,4.26,6.85,5.22,2.98,4.29,5.15,5.12,3.88,3.48,4.19,5.16,4.63,4.93,6.98,5.12,
132,3.72,1.69,2.49,6.47,6.02,5.83,4.01,4.77,3.06,4.59,4.66,5.79,4.82,4.56,4.64,6.16,4.39,7.22,5.08,3.28,4.24,5.28,5.32,4.13,3.64,4.3,5.35,5.02,4.99,7.1,5.26,
133,4.2,1.7,2.56,6.66,5.94,5.87,4.28,4.79,3.27,4.89,4.67,5.89,4.81,4.68,4.75,6.35,4.54,7.61,5.12,3.53,4.22,5.43,5.54,4.34,3.84,4.36,5.53,5.5,5.09,7.11,5.29,
134,4.3,1.9,2.63,6.95,6.16,5.9,4.69,4.81,3.6,5.03,4.81,6.01,4.96,4.8,4.82,6.55,4.57,8.04,5.38,3.71,4.31,5.54,5.69,4.54,4.01,4.47,5.75,5.79,5.43,7.23,5.33,
135,4.38,2.13,2.67,7.26,6.63,5.95,4.99,5.05,3.59,5.06,4.99,6.13,5.16,4.95,4.87,6.81,4.66,8.41,5.6,3.82,4.55,5.58,5.85,4.71,4.1,4.57,6.03,5.67,5.8,7.38,5.54,
136,4.42,2.4,2.73,7.34,7.01,6.07,5.25,4.74,3.71,5.08,5.12,6.26,5.28,5.11,4.98,7.18,4.71,8.46,5.62,3.87,5.01,5.55,6.13,4.89,4.11,4.69,6.48,5.41,5.88,7.48,5.8,
137,4.45,2.7,2.91,7.28,7.2,6.11,5.49,4.92,3.84,5.17,5.27,6.4,5.29,5.29,5.06,7.84,4.8,8.15,5.74,3.91,5.44,5.59,6.71,5.0,4.17,4.84,6.95,5.3,5.81,7.58,5.92,
138,4.51,3.13,3.09,8.37,7.26,6.41,5.73,4.86,3.99,5.29,5.51,6.46,5.34,5.37,5.18,8.6,5.18,8.19,6.08,4.03,5.52,5.75,7.09,5.04,4.23,5.15,7.33,5.36,5.79,7.93,5.99,
139,4.93,3.41,3.2,8.87,7.32,6.73,6.26,5.07,3.96,5.24,5.74,6.48,5.47,5.37,5.53,9.17,5.79,8.73,6.54,4.28,5.29,5.95,6.74,5.2,4.33,5.61,7.34,5.55,5.94,8.5,6.04,
140,5.17,3.58,3.33,8.77,7.55,7.02,6.55,5.16,4.21,5.25,5.92,6.51,5.56,5.43,6.0,9.66,6.33,9.26,6.72,4.61,5.14,6.33,6.49,5.34,4.42,5.92,7.31,5.73,6.18,8.97,6.04,
141,5.17,3.59,3.35,8.37,7.76,7.06,6.55,5.33,4.51,5.35,6.19,6.46,5.74,5.51,6.1,10.22,6.86,9.61,6.63,5.05,5.17,6.73,6.54,5.62,4.52,6.09,7.54,5.85,6.34,9.3,6.03,
142,4.88,3.38,3.45,8.26,7.79,7.09,6.51,5.34,4.26,5.48,6.45,6.4,6.13,5.64,6.19,11.1,7.34,9.75,6.44,5.1,5.21,7.07,6.69,6.13,4.63,6.52,7.99,5.92,6.54,9.63,6.1,
143,5.31,3.63,3.69,8.51,7.81,7.43,6.44,5.31,4.66,5.66,6.79,6.53,6.64,5.72,6.26,12.12,7.27,9.82,6.26,5.08,5.41,7.51,6.89,6.59,4.83,7.36,8.42,6.0,6.8,9.85,6.17,
144,5.52,3.72,3.79,9.21,7.77,7.56,6.45,5.25,4.76,5.79,7.03,6.81,7.23,5.83,6.32,13.11,6.98,10.15,6.19,5.19,5.72,7.96,7.22,7.13,5.05,8.01,8.58,6.07,6.96,9.83,6.2,
145,5.7,3.62,3.89,9.56,7.72,7.61,6.56,5.78,4.89,5.96,7.25,7.4,7.31,6.0,6.35,13.93,6.87,10.52,6.33,5.51,6.06,8.39,7.63,7.75,5.3,8.19,8.69,6.23,7.06,9.83,6.35,
146,5.72,3.91,3.71,9.71,7.68,7.64,6.64,5.69,5.07,6.11,7.57,8.19,7.22,6.14,6.39,14.36,6.93,10.65,6.53,5.78,6.61,8.81,7.98,8.53,5.47,8.63,8.54,6.54,7.29,10.02,6.56,
147,5.84,4.0,4.06,10.03,7.91,7.58,6.61,5.88,5.31,6.17,7.96,8.89,7.25,6.3,6.49,14.32,7.13,10.67,6.68,6.02,7.21,9.45,8.36,9.23,5.56,9.35,8.35,6.87,7.77,10.22,6.7,
148,5.98,4.09,4.61,10.31,8.46,7.77,6.58,6.52,5.49,6.25,8.28,10.04,7.46,6.38,6.58,14.09,7.59,10.93,6.94,6.19,7.54,10.1,8.51,9.61,5.71,9.5,8.5,7.16,8.52,10.5,6.91,
149,6.1,4.14,4.79,10.26,9.45,8.03,6.44,6.62,5.6,6.33,8.69,11.31,8.02,6.51,6.59,14.09,8.18,11.31,7.51,6.6,7.52,10.83,8.51,9.58,5.84,8.97,8.7,7.63,9.39,10.77,7.09,
150,6.19,4.1,5.02,9.92,10.49,8.3,6.76,6.69,5.59,6.41,9.15,12.01,8.79,6.72,6.53,14.31,8.66,11.38,8.19,7.08,7.3,11.26,8.48,9.34,5.89,8.49,9.03,8.11,10.28,10.93,7.24,
151,6.42,4.35,5.23,9.5,10.76,8.55,6.79,6.75,5.5,6.63,9.68,12.04,9.21,6.93,6.54,14.31,8.62,11.26,8.34,7.32,7.16,11.36,8.49,9.12,5.91,8.2,9.37,8.54,11.24,11.16,7.28,
152,7.13,4.67,5.43,9.15,10.64,8.7,6.82,7.25,5.61,6.82,10.29,11.96,9.35,7.13,6.67,14.09,7.93,11.18,8.17,7.39,7.2,11.38,8.59,8.7,6.02,8.04,9.8,8.35,11.76,11.35,7.35,
153,7.33,4.83,5.65,9.01,10.49,8.85,6.96,7.39,5.62,7.02,10.82,12.27,9.59,7.32,6.84,13.97,7.61,11.25,7.97,7.36,7.41,11.49,8.92,8.25,6.03,8.12,10.2,8.2,12.15,11.4,7.52,
154,7.49,5.08,5.79,8.86,10.42,8.98,7.19,7.18,5.8,7.26,11.51,12.43,9.6,7.55,7.11,13.76,7.96,11.27,7.89,7.26,7.61,11.78,9.29,8.08,6.02,8.66,10.84,8.14,12.51,11.54,7.66,
155,7.65,5.33,6.0,8.86,10.97,9.16,7.43,7.34,5.99,7.44,12.01,12.53,9.41,7.77,7.49,13.56,8.75,11.19,8.01,7.13,7.78,12.12,9.63,7.94,6.18,9.35,11.72,8.08,12.69,11.83,7.82,
156,8.22,5.68,6.58,8.83,11.54,9.71,7.76,7.54,6.17,7.53,12.18,12.61,9.09,8.08,7.73,13.29,9.32,11.25,8.32,7.23,7.89,12.34,9.85,7.94,6.59,9.91,12.37,8.2,12.77,12.21,8.09,
157,8.62,6.08,7.1,9.02,12.35,9.93,8.34,7.76,6.34,7.72,12.1,12.91,9.0,8.68,7.76,12.91,9.98,11.6,8.71,7.57,7.93,12.02,10.07,8.11,7.09,10.21,12.83,8.36,12.55,12.64,8.44,
158,8.82,6.39,7.75,9.25,12.81,9.97,9.0,8.22,6.57,7.86,12.48,13.43,9.39,9.38,7.82,12.71,10.57,12.09,8.99,8.08,8.22,11.68,10.54,8.56,7.61,10.19,13.38,8.52,12.34,12.94,8.81,
159,8.46,6.67,8.34,9.63,12.83,10.36,9.44,8.79,6.69,8.03,13.46,13.49,9.67,10.02,8.03,12.74,10.55,12.59,9.3,8.17,8.79,11.41,11.28,8.99,7.92,10.11,14.12,8.7,12.35,12.9,9.14,
160,8.45,7.11,8.9,9.78,13.68,10.7,10.21,9.48,6.68,8.43,14.59,13.05,9.93,10.36,8.34,12.77,9.86,13.12,9.84,8.21,9.27,11.04,11.89,9.39,7.79,10.31,14.43,8.97,12.49,12.77,9.45,
161,8.64,7.53,9.15,10.23,14.33,11.15,10.82,10.0,6.64,8.82,15.51,12.56,10.63,10.46,8.6,12.7,9.36,13.82,10.39,8.18,9.59,10.94,12.4,9.76,7.49,10.78,14.38,9.11,12.54,12.71,9.61,
162,8.76,7.91,9.7,10.56,15.06,11.62,11.8,10.25,6.7,9.13,16.01,12.43,11.28,10.52,8.94,12.84,9.34,14.36,10.89,8.18,9.65,11.13,12.73,10.07,7.41,10.81,14.15,9.32,12.35,12.72,9.86,
163,8.95,8.25,9.8,10.82,14.89,11.88,12.77,10.41,6.79,9.35,15.96,12.59,11.86,10.67,9.29,12.79,9.28,14.25,11.23,8.26,9.83,11.53,13.01,10.19,7.53,10.22,14.13,9.67,11.95,12.88,10.15,
164,9.37,8.95,9.72,11.09,14.38,11.9,13.97,10.57,7.36,9.53,15.85,13.0,12.57,11.04,9.78,12.58,9.33,13.78,11.31,9.1,10.1,11.51,13.23,10.15,7.63,9.86,14.34,10.07,11.65,13.09,10.28,
165,9.48,9.38,9.25,11.45,13.74,11.96,14.75,10.73,7.76,9.78,15.92,13.63,13.2,11.35,10.29,13.06,9.71,13.56,11.29,9.29,10.29,11.63,13.33,10.05,7.66,9.99,14.34,10.63,11.69,13.35,10.48,
166,10.02,9.45,9.42,12.5,13.1,12.08,15.92,10.87,8.18,10.13,15.53,14.15,13.64,11.31,10.68,13.52,10.39,13.82,11.57,9.58,10.42,12.1,13.47,10.22,7.81,10.43,14.29,10.77,11.98,13.55,10.77,
167,11.44,9.05,9.25,13.2,13.1,12.06,14.8,11.01,8.95,10.32,14.89,14.44,13.9,11.21,11.12,13.7,11.18,14.1,12.13,10.16,10.49,12.57,13.68,10.69,8.06,11.11,14.34,10.77,12.27,13.74,11.0,
168,12.33,9.02,9.06,13.81,13.27,12.19,14.5,11.24,9.86,10.58,14.52,14.64,13.97,11.24,11.73,13.86,11.82,14.46,12.45,10.49,10.64,13.22,13.78,11.31,8.61,12.09,14.49,10.71,12.63,13.83,11.23,
169,12.92,9.02,9.6,14.08,13.45,12.41,14.6,11.92,10.23,10.64,14.48,14.7,14.14,11.22,12.42,14.16,12.01,14.92,12.58,10.54,10.82,13.79,13.73,11.86,9.16,13.39,14.6,10.48,13.28,14.07,11.41,
170,13.79,9.05,9.9,14.88,14.14,13.02,14.36,11.91,9.23,10.69,14.89,14.54,13.8,11.28,13.25,14.45,12.06,15.33,12.81,10.57,10.87,14.32,13.66,12.3,9.51,14.57,14.69,10.49,13.91,14.48,11.68,
171,14.35,9.07,10.35,15.31,15.6,12.87,14.21,11.59,9.36,10.69,15.22,14.45,13.31,11.54,14.32,14.57,12.11,15.99,13.05,11.03,10.94,14.7,13.8,12.62,9.67,15.58,14.69,10.9,14.59,15.09,12.01,
172,14.21,9.09,10.71,16.01,15.94,13.14,13.8,12.31,9.95,10.72,15.37,14.55,13.21,11.87,15.27,14.84,12.26,16.34,13.38,11.57,11.26,14.51,13.97,12.63,9.78,15.94,14.38,11.54,15.3,15.66,12.39,
173,14.37,9.08,11.06,16.7,16.4,13.21,13.67,12.94,10.44,10.86,15.4,14.68,13.32,12.2,16.13,14.97,12.44,16.33,14.02,12.16,11.49,14.31,14.18,12.74,10.17,15.87,13.96,11.94,16.02,16.0,12.84,
174,16.6,9.04,11.51,17.35,16.82,13.29,14.26,13.51,11.92,11.09,15.62,14.79,13.69,12.53,17.1,14.86,12.75,16.3,14.95,12.64,11.62,14.42,14.36,13.01,10.75,15.82,13.81,12.05,16.74,16.16,13.44,
175,17.14,9.0,12.23,17.58,17.52,13.47,14.89,14.59,12.81,11.09,16.1,15.04,14.29,12.9,17.61,14.66,12.97,16.45,15.67,13.09,11.9,14.81,14.48,13.19,11.27,15.72,13.95,12.33,17.52,16.29,13.98,
176,17.49,9.04,12.68,17.64,18.01,14.21,15.84,15.36,13.72,10.93,16.71,15.38,15.07,13.56,17.45,14.2,13.09,16.5,16.15,13.45,12.28,15.24,14.63,13.33,11.75,15.34,14.32,12.69,17.66,16.4,14.27,
177,17.25,9.04,12.64,17.17,18.13,14.75,16.37,15.75,13.45,10.9,17.47,15.82,15.62,14.3,16.81,14.62,13.27,16.43,16.65,13.72,12.59,15.71,14.76,13.82,12.2,14.98,14.73,13.01,17.28,16.45,14.38,
178,16.84,10.03,12.45,16.76,17.94,14.8,16.84,15.63,12.49,11.24,18.01,16.41,15.72,14.7,16.44,15.15,13.42,16.57,16.86,14.23,12.63,15.84,14.83,14.7,12.88,14.9,15.11,13.06,16.78,16.43,14.43,
179,16.51,11.01,13.58,16.9,17.59,14.69,17.33,15.75,13.43,11.47,18.22,16.79,15.43,14.91,16.16,15.27,13.3,17.0,16.89,14.77,12.51,15.81,14.98,15.57,13.45,15.44,15.39,13.07,16.59,16.38,14.43,
180,16.16,11.52,14.49,17.2,16.93,14.84,17.4,16.4,13.66,11.83,18.18,16.9,15.3,14.97,15.82,15.08,13.26,17.78,17.05,15.02,13.68,15.74,15.38,16.13,13.83,15.85,15.76,13.37,16.86,16.32,14.69,
181,15.83,11.5,14.75,17.25,16.52,15.02,17.86,17.85,14.0,12.27,17.88,17.0,15.3,14.96,15.56,14.99,13.7,17.99,17.17,14.96,13.85,15.78,15.81,16.9,13.87,16.87,15.93,13.71,17.32,16.22,15.33,
182,15.47,11.4,14.43,17.35,16.3,15.21,15.91,18.93,14.61,12.66,17.24,17.06,15.31,14.91,15.2,15.23,14.2,18.17,17.19,14.7,13.97,15.95,16.07,17.48,14.51,17.91,15.88,14.05,17.9,16.05,16.05,
183,15.2,11.34,14.12,17.52,16.36,15.35,13.86,18.86,15.15,12.94,16.76,17.19,15.45,15.0,14.84,15.7,14.57,18.55,17.21,14.47,14.09,15.95,16.23,17.63,15.78,18.78,15.83,14.26,18.77,16.03,16.45,
184,15.19,11.68,13.78,17.89,17.09,15.56,13.92,19.49,15.73,13.13,16.91,17.35,15.8,15.06,14.54,16.28,14.76,19.11,17.49,14.21,14.45,15.94,16.56,18.0,16.87,19.26,16.13,14.54,19.6,16.19,16.65,
185,15.39,11.26,13.37,17.77,17.69,15.69,13.52,19.16,16.25,13.4,17.27,17.32,16.26,15.07,14.38,16.95,15.19,19.66,18.07,14.08,15.02,16.26,17.13,18.62,17.64,19.68,16.61,14.82,20.09,16.4,16.88,
186,15.57,11.08,13.05,18.09,17.78,16.13,13.29,17.41,16.49,13.58,17.49,17.09,16.51,15.37,14.41,17.67,15.89,20.22,18.71,14.25,15.45,16.75,17.68,18.47,17.79,20.14,17.09,15.14,20.22,16.68,17.22,
187,15.51,11.65,13.04,18.67,17.26,16.41,13.17,17.21,16.64,13.7,17.63,17.04,16.65,15.74,14.41,18.43,16.56,20.53,19.07,14.45,15.55,17.15,17.91,17.5,17.24,20.61,17.37,15.37,19.83,17.2,17.69,
188,15.34,11.92,13.19,18.46,17.22,17.14,13.75,17.73,17.0,13.81,18.07,17.18,16.85,15.96,14.24,18.94,16.99,20.75,19.32,14.67,15.41,17.35,17.94,17.09,16.74,21.15,16.93,15.61,19.3,17.77,17.98,
189,15.23,12.03,13.36,18.43,17.12,17.02,14.45,18.16,16.99,14.14,18.58,17.49,16.97,16.21,14.23,19.28,17.49,20.68,19.44,14.6,15.39,17.66,17.92,17.2,16.73,21.54,16.09,16.02,19.1,18.45,18.2,
190,15.3,12.03,13.3,18.76,16.74,17.19,14.92,18.31,16.62,14.49,18.92,17.84,17.12,16.46,14.63,19.11,17.85,20.51,19.4,14.39,15.9,18.01,18.06,17.45,17.04,21.88,16.14,16.29,19.02,18.81,18.5,
191,15.23,12.09,13.65,18.41,16.42,17.08,15.03,18.14,16.31,14.85,19.39,18.24,17.21,16.64,14.81,18.91,18.31,20.47,19.19,14.55,16.35,18.12,18.41,17.61,17.4,22.29,16.69,16.53,19.05,19.06,18.95,
192,15.53,12.38,15.09,18.58,16.87,16.98,14.24,18.24,15.96,15.4,19.81,18.79,16.77,16.69,14.68,19.25,18.5,20.54,19.1,14.86,16.87,18.24,18.64,17.88,17.33,22.18,17.08,16.76,19.03,19.21,19.47,
193,16.73,12.75,15.63,18.93,17.36,17.53,14.31,18.34,15.63,16.05,20.2,19.53,16.47,16.84,14.48,19.77,18.39,20.81,19.45,15.16,17.36,18.61,18.58,18.13,17.08,21.43,17.43,16.9,18.84,19.35,19.8,
194,18.2,13.25,16.78,19.21,17.8,17.78,14.41,19.17,15.46,16.84,20.76,20.03,16.42,16.97,14.34,20.37,18.25,21.11,20.15,15.36,17.45,19.04,18.38,18.47,17.08,20.77,17.89,17.12,18.62,19.61,19.89,
195,19.18,13.77,17.53,20.14,18.22,18.43,14.96,19.62,15.41,17.21,21.09,20.3,16.36,16.91,14.34,20.85,18.63,21.46,21.0,15.47,16.96,19.26,18.2,19.0,17.11,20.21,18.33,17.36,18.59,19.95,20.16,
196,18.73,14.24,17.52,20.59,18.7,18.75,15.6,19.99,15.35,16.92,21.35,20.6,16.26,16.94,14.47,20.68,19.17,21.73,21.87,15.63,16.56,19.32,18.16,19.4,17.37,20.09,18.46,17.63,18.82,20.17,20.44,
197,18.56,14.7,17.75,20.93,18.72,18.64,16.01,20.66,15.2,16.51,21.53,20.62,16.59,17.14,14.61,20.32,19.72,21.89,22.53,15.7,16.54,19.23,18.32,19.35,17.79,20.3,18.61,18.09,19.03,20.38,20.47,
198,18.26,15.2,17.9,20.49,19.31,18.77,16.4,20.96,15.24,16.38,21.57,20.33,17.11,17.67,14.78,20.28,20.24,22.0,22.76,15.92,16.8,19.24,18.5,19.13,18.11,20.43,18.96,18.66,19.15,20.46,20.04,
199,17.74,15.63,17.58,20.39,19.81,18.83,16.96,20.56,15.34,16.75,21.48,20.02,17.32,18.1,14.95,20.25,20.6,22.0,22.44,16.33,17.22,19.2,18.81,19.09,18.4,20.48,19.17,19.26,19.29,20.32,19.63,
200,17.6,15.95,16.9,20.43,20.13,18.03,17.6,20.11,15.49,17.03,21.25,20.14,17.11,18.46,15.16,20.36,21.03,21.9,21.8,16.8,17.44,19.12,19.11,19.14,18.7,20.51,19.3,19.55,19.54,20.07,19.56,
201,17.91,15.14,16.88,20.64,20.11,17.64,18.47,20.19,15.65,17.38,21.24,20.27,16.89,18.69,15.52,20.61,21.4,21.7,21.14,17.29,17.42,19.17,19.37,19.2,18.69,20.45,19.27,19.46,19.6,20.0,19.54,
202,17.92,14.78,16.96,20.93,20.72,17.31,19.14,20.45,15.79,17.79,21.58,20.27,17.13,18.95,15.76,20.75,21.66,21.51,20.68,17.64,17.36,19.39,19.58,19.35,18.58,20.32,19.14,19.27,19.57,20.1,19.53,
203,19.0,15.11,17.18,20.55,21.24,17.3,19.52,20.6,15.95,18.06,21.79,20.34,17.73,19.16,15.94,20.77,21.57,21.52,20.42,17.64,17.44,19.67,19.49,19.56,18.37,20.28,19.18,19.37,19.8,20.29,19.62,
204,19.67,15.47,17.78,20.34,21.5,17.24,19.81,19.91,16.15,17.88,21.81,20.43,18.27,19.3,16.11,20.78,21.39,21.77,20.0,17.11,17.71,19.98,19.26,19.77,18.18,20.31,19.35,19.46,20.04,20.51,19.81,
205,20.41,15.65,17.87,19.8,21.25,17.61,19.57,19.93,16.4,17.54,21.72,20.5,18.75,19.31,16.45,20.8,21.11,21.99,19.38,16.74,18.07,20.29,18.93,19.96,18.2,20.39,19.5,19.35,20.33,20.6,20.15,
206,20.33,16.22,18.39,19.52,21.54,18.23,19.1,20.43,16.58,17.41,21.6,20.7,19.19,19.33,16.76,20.8,20.81,21.83,19.15,16.77,18.63,20.57,18.82,20.05,18.44,20.61,19.64,19.16,20.64,20.61,20.36,
207,20.44,16.24,18.55,19.39,21.17,18.61,18.25,20.35,16.62,17.48,21.3,20.9,19.44,19.4,16.99,20.91,20.56,21.66,19.08,16.9,19.24,20.83,18.97,20.06,18.84,20.79,19.92,19.13,20.81,20.62,20.61,
208,20.93,16.08,18.59,19.38,21.48,18.61,17.77,20.45,16.73,17.68,20.97,21.09,19.68,19.39,17.16,21.01,20.54,21.55,18.95,17.0,19.76,20.97,19.04,19.98,19.12,20.96,20.07,19.04,21.02,20.74,20.98,
209,20.92,16.13,18.43,19.47,21.6,18.76,17.92,20.59,17.0,18.01,20.81,21.57,20.03,19.34,17.43,20.91,20.87,21.45,18.74,16.88,20.02,21.17,19.14,19.91,19.39,21.07,20.09,18.96,21.13,20.97,21.24,
210,20.58,16.5,17.96,19.28,21.5,18.93,18.04,20.74,17.27,18.36,20.73,21.83,20.5,19.37,17.61,20.74,21.12,21.42,18.55,16.81,19.87,21.32,19.28,20.01,19.41,21.13,20.0,18.91,21.05,21.3,21.33,
211,20.7,16.79,18.29,19.66,22.05,19.13,18.25,21.01,17.55,18.52,20.82,21.93,21.01,19.54,17.77,20.71,21.28,21.5,18.49,16.98,19.63,21.38,19.52,20.28,19.23,21.18,19.75,18.98,20.97,21.68,21.2,
212,21.24,16.96,18.75,19.59,22.17,19.39,18.73,21.66,17.99,18.66,21.02,22.27,21.55,19.81,17.95,20.76,21.5,21.66,18.51,17.42,19.44,21.47,19.89,20.47,19.15,21.27,19.53,19.15,20.87,22.07,20.98,
213,21.23,17.28,18.79,19.82,21.76,19.36,18.77,21.89,18.29,18.78,21.23,22.62,21.82,19.91,17.92,20.91,21.54,21.77,18.5,17.85,19.32,21.71,20.22,20.63,19.35,21.46,19.4,19.24,20.87,22.42,20.85,
214,21.16,17.58,18.47,20.01,21.26,19.31,19.35,21.06,18.56,18.89,21.54,22.52,21.72,20.05,17.75,21.09,21.51,21.9,18.44,18.33,19.22,21.93,20.28,20.79,19.69,21.65,19.38,19.25,20.94,22.69,20.75,
215,21.16,17.67,18.84,20.42,21.15,19.08,19.92,21.21,18.84,19.05,21.78,22.26,21.38,20.19,17.71,21.37,21.57,21.93,18.3,18.76,18.92,22.19,20.03,20.99,19.99,21.58,19.49,19.36,21.03,23.0,20.79,
216,21.14,18.31,18.81,20.68,20.89,18.92,20.6,21.63,19.21,19.15,21.52,22.07,21.02,20.33,17.6,21.46,21.77,21.92,18.22,18.96,18.65,22.44,19.69,21.24,20.18,21.28,19.75,19.51,21.0,23.16,20.97,
217,21.12,18.74,18.45,20.9,20.88,18.6,20.49,21.51,19.59,19.14,21.14,22.05,20.84,20.49,17.5,21.29,22.0,21.98,18.22,19.0,18.48,22.53,19.28,21.48,20.31,20.92,20.04,19.7,20.98,23.06,21.16,
218,21.12,18.54,18.37,21.08,20.79,18.67,21.41,20.55,19.86,18.92,21.07,22.02,20.84,20.6,17.56,21.05,22.03,21.84,18.34,18.96,18.67,22.39,19.12,21.48,20.37,20.64,20.23,19.9,20.91,22.82,21.4,
219,21.22,19.22,18.57,21.29,20.21,18.78,21.81,20.07,20.05,18.66,21.25,21.89,20.96,20.6,17.7,20.85,21.95,21.68,18.46,18.93,18.97,22.14,19.14,21.46,20.41,20.59,20.38,19.99,20.63,22.56,21.61,
220,21.38,19.58,18.88,21.51,19.94,18.91,22.13,20.26,20.13,18.62,21.5,21.77,21.02,20.47,18.01,20.99,21.88,21.55,18.57,19.14,19.26,22.02,19.17,21.66,20.22,20.79,20.59,19.99,20.34,22.4,21.78,
221,21.6,19.5,19.16,21.68,19.48,18.91,22.08,20.35,20.24,18.73,21.67,21.7,21.08,20.21,18.51,21.21,21.55,21.42,18.65,19.42,19.46,22.07,19.34,21.83,19.95,20.97,20.89,20.01,20.2,22.31,21.92,
222,21.6,18.97,19.16,21.7,19.49,19.18,20.97,20.51,20.43,18.83,21.67,21.53,21.19,19.9,18.79,21.49,20.95,21.34,18.51,19.48,19.43,22.25,19.54,22.02,19.76,21.24,21.12,20.02,20.08,22.19,21.97,
223,21.96,19.04,18.81,21.11,19.72,19.42,20.79,20.9,20.59,18.79,21.61,21.29,21.17,19.49,18.84,21.83,20.37,21.1,18.47,19.24,19.21,22.47,19.73,22.18,19.76,21.51,21.23,19.89,19.96,22.01,22.05,
224,22.17,18.65,18.38,20.94,19.87,19.64,20.59,21.43,20.72,18.68,21.5,21.17,20.95,19.25,19.02,22.14,20.21,20.64,18.5,18.64,19.12,22.62,19.86,22.33,19.88,21.55,21.27,19.86,19.95,21.79,22.25,
225,22.25,19.0,18.27,20.83,19.91,19.49,20.69,21.57,20.96,18.54,21.38,21.03,20.71,19.27,19.51,22.18,20.27,20.3,18.32,17.89,19.35,22.6,19.94,22.52,19.92,21.61,21.25,19.97,19.86,21.45,22.44,
226,22.34,19.35,18.0,21.0,19.74,19.73,20.28,21.25,21.33,18.44,21.29,20.84,20.47,19.43,19.86,22.13,20.23,20.38,18.03,17.37,19.88,22.44,20.07,22.64,19.88,21.81,21.15,20.11,19.84,21.22,22.56,
227,22.47,19.19,17.95,21.18,19.52,19.83,19.73,21.24,21.5,18.38,21.3,20.59,20.28,19.55,20.08,22.1,20.24,20.45,18.0,16.93,20.46,22.33,20.2,22.68,19.85,22.05,21.12,20.42,19.93,21.11,22.67,
228,22.48,19.22,17.9,21.0,19.67,19.77,19.53,21.17,21.46,18.44,21.4,20.44,20.1,19.62,20.23,21.84,20.47,20.48,18.23,16.78,20.71,22.34,20.25,22.69,19.86,22.05,21.31,20.65,19.95,21.12,22.59,
229,22.46,19.12,17.56,21.28,19.52,19.47,19.34,21.27,21.35,18.53,21.38,20.44,19.64,19.65,20.27,21.45,20.58,20.38,18.59,16.77,20.87,22.42,20.19,22.57,19.95,21.86,21.69,20.88,19.8,21.06,22.34,
230,22.46,19.39,17.61,20.77,19.54,19.32,19.31,20.89,21.29,18.49,21.17,20.41,19.3,19.75,20.21,21.12,20.61,20.09,18.88,16.89,20.82,22.46,20.02,22.39,20.06,21.66,22.03,21.11,19.34,20.86,22.05,
231,22.57,19.39,17.68,20.43,19.75,19.23,19.24,20.51,21.26,18.36,20.73,20.28,19.07,19.81,20.1,20.91,20.74,19.94,19.11,17.11,20.51,22.58,19.91,22.41,20.15,21.51,22.44,21.28,19.01,20.56,21.69,
232,22.64,19.59,17.88,20.6,19.85,19.04,19.06,20.7,21.32,18.17,20.39,20.09,18.8,19.62,19.92,20.78,20.67,19.91,19.33,17.44,20.15,22.58,19.96,22.4,20.22,21.38,22.71,21.38,19.03,20.22,21.25,
233,22.27,19.52,17.56,20.54,19.89,18.64,19.09,20.81,21.37,17.91,20.21,20.05,18.62,19.56,19.67,20.75,20.38,19.95,19.52,17.81,19.96,22.42,19.94,22.07,20.17,21.31,22.91,21.51,19.05,19.9,21.09,
234,21.26,19.67,17.21,20.32,20.3,18.56,19.17,20.66,21.13,17.65,19.86,20.17,18.72,19.65,19.39,20.62,20.13,20.02,19.52,18.07,19.96,22.06,19.7,21.67,19.9,21.24,22.96,21.64,19.14,19.76,21.07,
235,21.0,19.8,16.91,20.56,20.5,18.71,19.3,20.54,20.81,17.56,19.62,20.18,18.82,19.76,19.28,20.48,20.02,20.1,19.49,18.29,19.97,21.72,19.41,21.4,19.66,21.27,22.93,21.71,19.1,19.8,20.98,
236,20.62,19.81,16.91,20.85,20.71,18.95,19.2,20.72,20.44,17.51,19.71,20.12,18.84,19.82,19.31,20.45,19.88,20.24,19.62,18.4,19.85,21.53,19.14,21.24,19.57,21.45,22.96,21.67,18.89,19.94,20.82,
237,20.37,20.04,16.9,20.94,20.82,18.77,19.07,20.75,20.17,17.5,19.93,20.05,18.88,19.72,19.35,20.35,19.7,20.46,19.81,18.43,19.63,21.46,19.01,21.16,19.6,21.52,23.11,21.48,18.78,20.19,20.53,
238,20.32,20.06,17.31,20.89,21.2,19.21,19.59,20.85,20.03,17.75,20.13,19.93,18.94,19.58,19.26,20.18,19.69,20.72,20.13,18.32,19.21,21.43,18.99,21.06,19.57,21.51,23.2,21.22,18.74,20.54,20.05,
239,20.22,19.64,17.35,20.98,21.35,19.44,19.89,20.48,19.74,18.03,20.06,19.85,19.08,19.64,19.05,20.17,19.79,20.79,20.49,18.06,18.8,21.43,19.01,21.08,19.41,21.35,23.05,21.08,18.8,20.83,19.62,
240,19.99,19.4,17.01,21.21,21.59,19.44,19.64,20.29,19.35,18.18,20.01,19.89,19.2,19.69,18.72,20.39,19.82,20.75,20.89,17.9,18.69,21.42,18.99,20.99,19.2,21.04,22.73,21.02,18.89,20.87,19.34,
241,20.07,19.57,17.22,21.09,20.59,19.49,19.79,20.23,19.02,18.1,20.1,19.9,19.18,19.71,18.39,20.8,19.88,20.66,21.31,17.95,18.87,21.39,18.95,20.67,18.99,20.72,22.44,20.96,18.74,20.59,19.07,
242,20.11,19.49,17.03,20.99,20.0,19.34,19.55,20.88,18.76,17.99,20.13,19.78,19.08,19.81,18.16,21.36,19.9,20.65,21.14,18.1,19.05,21.4,18.92,20.32,18.75,20.38,22.22,20.78,18.39,20.35,18.91,
243,19.67,19.78,17.05,20.83,19.78,19.28,19.38,21.05,18.61,17.97,20.07,19.59,19.08,19.95,18.13,21.65,19.99,20.68,20.59,18.23,19.29,21.45,18.83,20.25,18.59,20.17,22.04,20.56,18.28,20.33,18.95,
244,19.39,20.03,17.03,20.45,19.79,19.5,19.31,21.01,18.58,18.04,20.03,19.43,19.15,20.29,18.26,21.62,20.17,20.72,20.25,18.31,19.61,21.38,18.77,20.32,18.49,20.06,21.87,20.36,18.34,20.33,19.05,
245,19.12,19.93,16.98,20.29,20.0,19.78,18.97,20.93,18.67,18.16,19.95,19.36,19.2,20.56,18.49,21.34,20.3,20.71,19.82,18.42,19.9,21.18,18.69,20.44,18.33,19.95,21.68,20.32,18.45,20.13,19.08,
246,19.17,20.3,16.75,20.19,20.21,19.53,18.91,20.97,18.62,18.34,19.79,19.24,19.28,20.68,18.73,20.74,20.13,20.8,19.31,18.52,20.02,21.01,18.48,20.52,18.13,19.83,21.45,20.33,18.69,19.8,19.04,
247,19.49,20.68,16.82,20.07,20.51,19.22,18.59,20.45,18.4,18.6,19.72,19.12,19.29,20.6,18.89,19.89,19.77,20.93,19.02,18.54,20.09,20.97,18.26,20.68,17.87,19.68,21.19,20.22,19.18,19.53,18.79,
248,19.77,20.99,16.58,19.88,21.53,18.98,18.85,20.41,18.2,18.83,19.71,18.99,19.31,20.28,19.06,18.93,19.4,21.02,18.74,18.42,20.2,20.98,18.14,20.78,17.73,19.29,20.89,20.04,19.58,19.43,18.37,
249,19.49,21.15,16.62,20.12,21.24,18.72,19.03,20.58,18.07,18.87,19.73,18.79,19.24,19.77,19.21,18.41,19.06,20.94,18.53,18.3,20.33,21.04,18.11,20.67,17.64,18.85,20.61,20.03,19.64,19.4,17.86,
250,18.84,21.23,16.56,20.11,20.47,18.51,19.32,20.62,18.14,18.8,19.79,18.66,18.98,19.39,19.4,18.01,18.86,20.89,18.51,18.28,20.31,21.19,18.03,20.43,17.42,18.63,20.35,20.15,19.31,19.23,17.35,
251,18.29,21.22,16.61,19.6,20.49,18.36,19.44,21.22,18.31,18.71,19.81,18.72,18.72,19.16,19.56,17.54,18.79,20.75,18.46,18.34,20.08,21.35,17.89,20.15,17.28,18.52,20.09,20.32,18.98,18.87,17.02,
252,18.14,21.06,16.57,19.14,20.5,18.38,19.01,21.43,18.45,18.62,19.88,18.65,18.63,18.96,19.62,17.06,18.95,20.53,18.83,18.41,19.74,21.38,17.82,19.82,17.21,18.3,19.71,20.35,18.85,18.49,16.96,
253,18.2,20.75,16.66,18.93,20.06,18.57,18.74,21.8,18.53,18.5,19.99,18.49,18.47,18.74,19.57,16.83,19.08,20.36,19.42,18.29,19.5,21.35,17.85,19.47,17.17,17.93,19.46,20.37,18.79,18.24,17.05,
254,17.71,20.42,16.72,18.63,19.59,18.82,18.68,20.67,18.66,18.53,20.11,18.28,18.09,18.64,19.53,16.76,19.12,20.21,19.07,17.9,19.22,21.09,17.9,19.2,17.08,17.54,19.36,20.32,18.69,18.16,17.13,
255,17.76,20.31,16.77,18.76,19.36,18.67,18.59,20.28,18.68,18.59,20.16,18.04,17.72,18.56,19.48,16.74,19.04,20.03,18.45,17.29,18.91,20.75,18.03,19.19,16.93,17.33,19.3,20.18,18.48,18.32,17.27,
256,17.78,19.81,16.94,18.88,19.32,18.51,18.26,19.34,18.64,18.7,20.05,17.82,17.52,18.41,19.43,16.65,18.78,19.82,17.94,16.58,18.64,20.56,18.21,19.35,16.82,17.1,19.22,20.04,18.29,18.57,17.63,
257,17.66,19.14,17.19,18.9,19.06,18.36,18.08,19.34,18.56,18.76,19.89,17.69,17.3,18.1,19.37,16.54,18.38,19.59,17.61,16.02,18.58,20.4,18.4,19.78,16.69,16.69,19.16,19.93,18.2,18.82,17.87,
258,17.85,18.48,17.02,18.83,18.79,18.08,17.85,19.17,18.54,18.75,19.77,17.68,16.93,17.83,19.24,16.46,17.84,19.4,17.41,15.72,18.72,20.19,18.65,20.17,16.66,16.44,19.1,19.83,18.17,19.04,18.01,
259,17.33,17.84,17.12,18.91,18.41,17.63,17.67,19.23,18.54,18.77,19.67,17.69,16.62,17.68,18.98,16.33,17.35,19.21,17.11,15.56,18.91,20.09,18.9,20.39,16.83,16.28,19.14,19.79,18.13,19.27,18.18,
260,16.94,17.3,16.82,18.92,18.3,17.08,17.55,19.31,18.55,18.61,19.6,17.66,16.51,17.65,18.81,16.19,17.06,19.06,16.99,15.5,19.0,20.05,19.05,20.47,17.05,16.2,19.18,19.78,18.06,19.45,18.34,
261,16.95,16.97,16.87,19.13,18.26,16.55,17.59,19.68,18.46,18.32,19.54,17.48,16.6,17.57,18.7,16.14,16.88,18.96,17.0,15.37,18.85,20.05,19.11,20.25,17.18,16.12,19.16,19.8,18.01,19.65,18.31,
262,16.77,16.76,16.78,19.32,18.15,16.28,17.11,19.6,18.21,18.17,19.36,17.21,16.7,17.43,18.58,16.12,16.7,18.7,17.0,15.26,18.52,20.02,19.27,19.81,17.29,15.98,19.18,19.74,18.01,19.88,18.16,
263,16.44,16.69,16.5,19.17,18.02,16.64,16.73,19.5,17.77,18.18,19.03,16.89,16.67,17.31,18.52,16.16,16.52,18.32,16.91,15.29,18.34,20.1,19.6,19.4,17.49,15.87,19.13,19.71,18.03,20.05,17.99,
264,16.09,16.51,16.35,19.46,17.79,16.42,16.42,19.44,17.38,18.21,18.88,16.69,16.68,17.24,18.47,16.18,16.5,17.84,16.67,15.36,18.35,20.23,19.97,18.87,17.63,15.81,18.96,19.63,18.11,20.03,17.87,
265,15.74,16.38,15.94,18.95,17.73,16.1,16.18,19.12,17.2,18.25,18.72,16.57,16.68,17.2,18.4,16.11,16.44,17.22,16.5,15.34,18.36,20.19,20.38,18.14,17.54,15.76,18.6,19.36,18.23,19.97,17.88,
266,15.4,16.31,15.64,18.6,17.29,15.83,15.96,18.92,16.99,18.34,18.49,16.37,16.76,17.2,18.39,16.01,16.43,16.59,16.43,14.84,18.37,20.04,20.81,17.73,17.35,15.78,18.01,18.94,18.32,19.86,17.86,
267,15.16,16.31,15.28,18.28,17.13,15.56,15.64,18.24,16.65,18.41,18.33,16.1,16.87,17.23,18.34,15.77,16.44,16.07,16.45,15.03,18.32,19.86,21.1,17.51,17.32,15.91,17.33,18.56,18.33,19.68,17.87,
268,15.01,16.2,15.06,18.15,17.15,15.33,15.32,18.27,16.36,18.35,18.13,15.83,16.87,17.27,18.2,15.45,16.48,15.84,16.55,15.42,18.23,19.73,21.07,17.26,17.22,15.96,16.98,18.0,18.28,19.47,17.89,
269,14.87,15.91,15.09,18.06,16.96,15.01,14.97,18.09,16.04,18.19,17.89,15.61,16.66,17.37,18.05,15.22,16.53,15.72,16.7,15.87,18.16,19.55,21.04,16.87,16.92,16.02,16.75,17.41,18.22,19.27,17.86,
270,15.01,15.55,14.92,17.81,16.93,14.94,14.36,18.01,15.43,18.13,17.8,15.42,16.5,17.52,17.81,15.0,16.58,15.72,16.79,16.21,18.14,19.28,20.67,16.51,16.76,16.02,16.53,16.93,18.14,19.17,17.89,
271,14.88,15.21,14.88,17.6,16.75,14.9,14.31,18.21,14.79,18.08,17.73,15.15,16.44,17.53,17.47,14.9,16.48,15.73,16.76,16.33,18.08,18.91,19.8,16.24,16.61,15.93,16.39,16.59,18.07,19.15,17.98,
272,15.02,14.85,14.71,17.1,16.45,14.53,14.62,17.83,14.28,17.93,17.38,14.93,16.4,17.39,17.02,14.91,16.04,15.75,16.66,16.3,17.88,18.55,19.0,16.02,16.46,15.82,16.38,16.43,18.05,19.17,18.01,
273,15.0,14.5,14.57,16.79,16.14,14.24,14.62,17.84,13.71,17.71,16.73,14.79,16.47,17.13,16.4,14.94,15.37,15.77,16.6,16.15,17.58,18.32,18.35,15.86,16.29,15.72,16.35,16.39,18.11,19.15,17.92,
274,14.81,14.18,14.47,16.3,15.82,14.29,14.76,17.83,13.09,17.55,16.35,14.61,16.57,16.82,15.79,14.89,14.78,15.74,16.67,15.85,17.22,18.12,18.02,15.58,16.05,15.58,16.34,16.26,18.3,19.05,17.76,
275,14.68,13.96,14.44,15.81,15.36,14.4,14.75,17.76,12.64,17.34,16.48,14.54,16.61,16.38,15.35,14.77,14.49,15.72,16.71,15.54,16.86,17.79,17.82,15.23,15.63,15.35,16.42,16.09,18.5,18.86,17.62,
276,14.51,13.59,14.41,15.34,14.96,14.42,14.81,17.32,12.21,16.98,16.78,14.61,16.6,15.86,14.88,14.62,14.4,15.84,16.71,15.23,16.63,17.54,17.62,14.89,15.21,15.08,16.5,15.96,18.66,18.56,17.62,
277,14.32,13.18,14.37,15.21,14.64,14.41,14.42,16.9,11.92,16.58,16.97,14.56,16.72,15.38,14.21,14.58,14.37,15.85,16.62,14.81,16.18,17.41,17.53,14.65,14.95,14.8,16.56,15.89,18.66,18.24,17.7,
278,14.13,12.98,14.24,14.68,14.34,14.57,14.02,16.51,11.75,16.11,17.01,14.42,17.01,15.04,13.78,14.62,14.31,15.77,16.4,14.24,15.49,17.44,17.45,14.57,14.8,14.53,16.63,15.83,18.52,18.01,17.76,
279,13.96,12.89,14.33,14.54,13.95,14.34,13.54,15.95,11.71,15.51,16.81,14.36,17.28,14.83,13.43,14.61,14.34,15.6,16.16,13.68,14.88,17.44,17.37,14.69,14.69,14.45,16.71,15.7,18.3,17.83,17.7,
280,13.78,12.71,14.48,14.48,13.57,14.08,13.1,15.31,11.82,15.03,16.34,14.35,17.63,14.73,13.05,14.61,14.52,15.3,15.95,13.31,14.6,17.45,17.29,14.85,14.59,14.34,16.76,15.41,18.11,17.6,17.44,
281,13.63,12.42,14.55,14.49,13.36,13.8,12.96,14.81,12.03,14.83,15.84,14.27,17.79,14.61,12.83,14.6,14.7,14.96,15.87,13.03,14.44,17.39,17.26,15.08,14.6,14.15,16.8,14.99,17.81,17.3,17.09,
282,13.46,12.21,14.47,14.43,13.3,13.55,12.96,14.44,12.18,14.75,15.49,14.18,17.59,14.4,12.67,14.56,14.86,14.73,15.84,12.73,14.25,17.14,17.25,15.1,14.62,14.02,16.82,14.59,17.31,16.93,16.76,
283,13.37,12.01,14.2,14.39,13.62,13.29,12.74,14.25,12.38,14.51,15.26,14.1,17.25,14.29,12.52,14.49,14.91,14.44,15.87,12.58,14.08,16.77,17.16,14.78,14.61,13.96,16.83,14.34,16.59,16.55,16.47,
284,13.6,11.8,14.19,14.41,13.66,13.05,12.48,14.25,12.6,14.26,15.04,13.95,16.69,14.32,12.25,14.42,14.81,13.96,15.88,12.53,14.12,16.55,16.98,14.13,14.55,13.95,16.81,14.28,15.79,16.18,16.18,
285,13.88,11.59,14.11,14.3,13.29,12.94,12.31,14.22,12.47,14.03,14.79,13.64,16.09,14.32,11.95,14.31,14.61,13.32,15.87,12.55,14.13,16.45,16.69,13.45,14.36,13.91,16.77,14.24,15.25,15.88,16.02,
286,13.72,11.42,14.12,14.14,13.07,12.91,12.16,13.99,12.36,13.92,14.61,13.13,15.55,14.36,11.64,14.2,14.24,12.86,15.74,12.55,13.89,16.33,16.26,12.82,13.99,13.79,16.7,14.03,14.88,15.66,15.99,
287,13.18,11.4,14.07,13.93,12.84,12.84,12.06,13.81,12.22,13.87,14.47,12.32,15.1,14.3,11.42,14.07,13.76,12.65,15.59,12.5,13.56,16.16,15.84,12.5,13.54,13.69,16.68,13.8,14.26,15.42,15.92,
288,12.76,11.39,13.83,13.71,12.71,12.78,11.98,13.24,11.93,13.84,14.31,11.53,14.81,14.16,11.24,13.94,13.08,12.51,15.48,12.43,13.33,15.94,15.45,12.05,13.24,13.57,16.64,13.5,13.88,15.03,15.76,
289,12.16,11.3,13.69,13.56,12.49,12.75,11.7,13.0,11.69,13.73,13.97,11.31,14.58,13.95,11.0,13.83,12.54,12.22,15.41,12.26,12.99,15.77,15.23,11.6,12.95,13.43,16.29,13.14,13.46,14.58,15.59,
290,11.86,11.28,13.44,13.45,12.26,12.75,11.4,12.71,11.51,13.43,13.65,11.36,14.41,13.7,10.87,13.74,12.22,12.06,15.28,12.03,12.55,15.72,15.04,11.21,12.47,13.12,15.92,12.76,13.17,14.19,15.44,
291,11.74,11.23,13.36,13.31,12.09,12.77,11.16,12.44,11.43,13.08,13.34,11.14,14.29,13.51,10.81,13.61,11.87,12.01,15.09,11.82,12.12,15.68,14.94,10.97,12.01,12.91,15.65,12.35,13.11,14.05,15.25,
292,11.54,11.11,13.34,13.17,11.89,12.76,10.93,12.16,11.25,12.73,12.95,10.78,14.23,13.41,10.75,13.42,11.51,11.92,14.83,11.65,11.88,15.52,14.85,10.84,11.79,12.82,15.57,11.99,13.05,14.07,14.98,
293,11.36,10.97,13.03,12.91,11.72,12.82,10.71,11.92,11.04,12.5,12.63,10.42,14.2,13.27,10.66,13.19,11.13,11.81,14.59,11.52,11.79,15.39,14.77,10.57,11.69,12.57,15.53,11.75,12.93,14.07,14.75,
294,11.13,10.85,12.58,12.53,11.47,12.81,10.63,11.67,10.76,12.29,12.48,10.23,14.19,12.89,10.57,12.98,10.87,11.83,14.32,11.44,11.68,15.32,14.74,10.27,11.52,12.44,15.44,11.65,12.74,14.02,14.54,
295,10.89,10.76,12.09,12.25,11.21,12.44,10.79,11.48,10.44,12.03,12.38,9.95,14.14,12.34,10.43,12.74,10.77,11.85,13.92,11.4,11.56,15.13,14.65,10.02,11.3,12.32,15.19,11.64,12.56,14.0,14.28,
296,10.7,10.66,11.65,12.09,10.91,12.47,10.6,11.3,10.16,11.85,12.2,9.74,14.0,12.03,10.24,12.54,10.72,11.88,13.43,11.39,11.48,14.82,14.56,9.95,11.09,12.12,14.87,11.68,12.38,13.93,13.93,
297,10.6,10.57,11.25,12.07,10.65,12.48,10.42,11.1,9.87,11.73,11.88,9.59,13.76,11.91,10.02,12.46,10.68,11.96,12.85,11.33,11.31,14.52,14.37,9.86,10.91,11.92,14.63,11.74,12.4,13.76,13.57,
298,10.49,10.46,10.88,11.93,10.44,12.2,10.18,10.99,9.84,11.72,11.59,9.5,13.61,11.81,9.9,12.36,10.58,12.15,12.13,11.23,11.05,14.26,14.08,9.73,10.83,11.36,14.35,11.73,12.41,13.53,13.33,
299,10.34,10.37,10.53,11.95,10.39,12.14,9.93,10.86,9.79,11.73,11.38,9.39,13.49,11.58,9.85,12.26,10.46,12.33,11.66,11.1,10.88,13.85,13.84,9.67,10.81,10.89,14.0,11.63,12.35,13.32,13.23,
300,10.21,10.3,10.16,12.09,10.42,12.18,9.69,10.69,9.74,11.75,11.26,9.21,13.19,11.2,9.74,12.19,10.31,12.25,11.26,10.99,10.82,13.32,13.58,9.56,10.76,10.52,13.68,11.52,12.26,13.1,13.17,
301,10.04,10.11,9.86,12.06,9.99,12.21,9.45,10.52,9.65,11.74,11.24,8.99,12.88,10.77,9.58,12.06,10.22,12.03,10.94,10.91,10.76,12.77,13.25,9.44,10.73,10.37,13.53,11.46,12.15,12.9,13.08,
302,9.89,10.04,9.68,11.86,10.12,12.15,9.29,10.26,9.61,11.66,11.25,8.85,12.6,10.39,9.43,11.74,10.13,11.91,10.65,10.72,10.62,12.41,12.72,9.35,10.72,10.31,13.34,11.47,11.94,12.74,12.93,
303,9.76,9.91,9.51,11.78,10.34,11.81,9.15,10.12,9.59,11.64,11.21,8.8,12.36,10.08,9.37,11.36,10.08,11.83,10.53,10.51,10.45,12.1,12.4,9.28,10.69,10.18,13.05,11.48,11.66,12.65,12.76,
304,9.62,9.78,9.49,11.82,10.5,11.65,9.01,9.97,9.46,11.65,11.12,8.71,12.08,9.98,9.32,11.02,10.07,11.6,10.36,10.29,10.44,11.94,11.98,9.21,10.6,10.0,12.84,11.54,11.32,12.58,12.58,
305,9.5,9.44,9.47,11.8,10.46,11.51,8.97,9.74,9.33,11.51,11.01,8.57,11.76,9.94,9.27,10.81,10.08,11.37,10.15,9.97,10.52,11.9,11.55,9.16,10.46,9.86,12.56,11.59,11.07,12.51,12.29,
306,9.35,9.17,9.44,11.68,10.2,11.45,8.94,9.47,9.17,11.22,10.91,8.4,11.59,9.94,9.2,10.74,10.09,10.92,9.98,9.79,10.57,11.89,11.14,9.07,10.21,9.68,12.17,11.61,10.73,12.41,12.02,
307,9.15,8.93,9.42,11.44,9.87,11.56,8.91,9.23,9.02,10.81,10.8,8.22,11.44,9.93,9.13,10.65,10.05,10.4,9.84,9.83,10.68,11.84,10.94,8.94,9.91,9.52,11.85,11.57,10.53,12.2,11.79,
308,9.08,8.72,9.33,11.12,9.59,11.66,8.86,9.03,8.89,10.55,10.69,8.09,11.32,10.06,9.06,10.47,10.03,9.98,9.63,9.94,10.8,11.76,10.73,8.84,9.6,9.46,11.7,11.45,10.36,12.09,11.58,
309,9.1,8.59,9.25,10.84,9.21,11.74,8.86,8.79,8.81,10.31,10.6,7.98,11.18,10.23,9.0,10.23,9.99,9.5,9.47,9.98,10.79,11.74,10.44,8.83,9.24,9.5,11.6,11.27,10.27,12.02,11.49,
310,8.99,8.5,9.17,10.59,8.95,11.79,8.7,8.56,8.75,9.97,10.41,7.97,11.14,10.28,9.0,9.99,9.91,8.94,9.17,9.86,10.54,11.76,10.29,8.83,8.93,9.51,11.51,11.11,10.04,11.96,11.35,
311,8.84,8.43,9.18,10.34,8.81,11.72,8.65,8.38,8.64,9.79,10.15,8.03,11.0,10.23,9.06,9.92,9.84,8.74,8.96,9.67,10.23,11.81,10.2,8.79,8.42,9.52,11.46,11.01,9.77,11.91,11.26,
312,8.65,8.33,9.41,10.11,8.69,11.59,8.59,8.22,8.41,9.6,9.88,8.1,10.72,10.14,9.08,9.97,9.76,8.64,8.75,9.38,10.13,11.86,10.11,8.7,7.89,9.65,11.46,10.87,9.55,11.85,11.03,
313,8.48,8.19,9.09,9.88,8.63,11.31,8.5,8.21,8.23,9.32,9.62,8.14,10.36,10.07,9.02,10.07,9.57,8.64,8.53,9.17,10.13,11.77,9.88,8.32,7.71,9.79,11.44,10.77,9.39,11.75,10.62,
314,8.31,8.05,8.82,9.6,8.56,11.14,8.41,8.16,8.09,9.05,9.44,8.09,10.06,10.0,8.94,10.12,9.37,8.64,8.24,8.97,10.03,11.55,9.59,8.1,7.48,9.81,11.38,10.73,9.21,11.63,10.08,
315,8.07,7.91,8.57,9.33,8.48,11.04,8.34,8.1,8.01,8.83,9.35,8.01,9.89,9.91,8.92,10.11,9.19,8.64,8.06,8.76,9.89,11.41,9.4,7.83,7.19,9.69,11.26,10.67,9.05,11.52,9.59,
316,7.85,7.7,8.41,9.12,8.43,10.91,8.31,8.03,7.97,8.7,9.32,7.9,9.74,9.8,8.9,10.02,9.04,8.62,7.94,8.63,9.79,11.25,9.23,7.62,6.97,9.49,11.07,10.6,8.98,11.29,9.18,
317,7.65,7.53,8.25,8.98,8.39,10.79,8.36,7.98,7.87,8.63,9.28,7.69,9.65,9.67,8.88,9.95,8.98,8.49,7.87,8.42,9.57,10.98,9.01,7.43,6.77,9.38,10.99,10.5,8.99,11.07,8.87,
318,7.47,7.33,8.06,8.83,8.31,10.68,8.32,7.86,7.72,8.65,9.24,7.53,9.43,9.49,8.87,9.83,8.92,8.3,7.81,8.32,9.31,10.82,8.81,6.92,6.56,9.32,10.93,10.27,8.98,10.94,8.69,
319,7.29,7.19,7.87,8.68,8.19,10.57,8.32,7.72,7.58,8.63,9.12,7.39,9.28,9.37,8.81,9.66,8.89,8.15,7.78,8.21,9.2,10.71,8.73,6.72,6.42,9.19,10.8,10.1,8.93,10.89,8.47,
320,7.11,7.04,7.68,8.51,8.04,10.37,8.27,7.6,7.52,8.6,8.92,7.27,9.13,9.12,8.7,9.58,8.83,8.08,7.76,7.65,9.21,10.6,8.63,6.59,6.34,9.1,10.67,9.8,8.88,10.77,8.35,
321,6.93,6.91,7.52,8.39,7.92,10.15,8.03,7.52,7.46,8.57,8.63,7.15,8.96,8.59,8.67,9.56,8.65,8.08,7.7,7.38,9.19,10.47,8.46,6.49,6.2,8.95,10.52,9.27,8.75,10.64,8.19,
322,6.72,6.82,7.35,8.31,7.84,9.94,7.94,7.4,7.41,8.49,8.32,7.08,8.81,8.13,8.62,9.5,8.42,8.08,7.54,7.15,9.13,10.39,8.12,6.38,6.22,8.65,10.18,8.89,8.6,10.48,8.06,
323,6.43,6.73,7.21,8.25,7.79,9.73,7.93,7.29,7.39,8.42,8.1,7.02,8.72,7.8,8.57,9.36,8.28,8.14,7.31,6.98,9.02,10.35,7.63,6.26,6.18,8.28,9.74,8.42,8.51,10.39,7.95,
324,6.25,6.66,7.07,8.18,7.76,9.53,7.91,7.2,7.37,8.38,8.02,6.95,8.64,7.65,8.52,9.14,8.17,8.15,7.22,6.22,8.88,10.27,7.42,6.11,6.15,7.96,9.36,8.11,8.45,10.32,7.89,
325,6.12,6.55,6.93,8.11,7.76,9.32,7.89,7.13,7.3,8.32,7.97,6.96,8.49,7.41,8.41,8.79,8.01,8.07,7.23,6.44,8.75,10.04,7.33,5.97,6.11,7.82,9.06,7.8,8.43,10.21,7.85,
326,6.02,6.38,6.78,7.97,7.76,9.12,7.77,7.03,7.25,8.25,7.82,7.02,8.27,7.06,8.31,8.42,7.91,8.03,7.21,6.3,8.52,9.68,7.23,5.88,6.08,7.68,8.82,7.64,8.35,10.1,7.76,
327,5.88,6.25,6.62,7.88,7.72,8.9,7.63,6.89,7.17,8.21,7.66,7.07,8.04,6.87,8.28,8.2,7.84,8.04,7.14,6.16,8.33,9.43,7.1,5.76,6.06,7.53,8.49,7.57,8.19,9.99,7.66,
328,5.73,6.13,6.48,7.76,7.65,8.64,7.58,6.74,6.99,8.16,7.37,7.09,7.92,6.79,8.26,8.1,7.84,8.04,6.98,6.03,8.15,9.17,7.02,5.84,5.98,7.27,8.34,7.55,8.01,9.86,7.54,
329,5.59,6.02,6.36,7.68,7.54,8.42,7.56,6.6,6.79,7.99,7.22,7.06,7.78,6.62,8.2,8.02,7.82,7.98,6.76,5.47,7.95,8.88,6.97,5.81,6.02,7.12,8.22,7.57,7.84,9.73,7.51,
330,5.46,5.84,6.27,7.63,7.42,8.22,7.55,6.45,6.65,7.84,7.08,7.05,7.7,6.47,8.1,7.79,7.73,7.89,6.33,5.32,7.78,8.58,6.94,5.8,6.01,6.9,8.06,7.65,7.63,9.62,7.45,
331,5.35,5.64,6.15,7.61,7.32,8.03,7.52,6.29,6.5,7.69,6.97,7.05,7.58,6.38,7.97,7.58,7.63,7.73,6.15,5.01,7.5,8.32,6.94,5.71,5.98,6.79,7.93,7.67,7.42,9.52,7.32,
332,5.23,5.44,6.09,7.63,7.24,7.84,7.48,6.13,6.33,7.55,6.89,7.04,7.38,6.32,7.8,7.45,7.48,7.57,5.23,4.9,7.41,8.06,6.95,5.61,5.93,7.0,7.84,7.58,7.17,9.38,7.12,
333,5.12,5.18,6.05,7.6,7.14,7.66,7.45,5.97,6.2,7.41,6.82,7.01,6.95,6.13,7.68,7.35,7.32,7.48,5.17,4.8,7.38,7.97,6.9,5.47,5.86,7.11,7.72,7.49,6.85,9.23,6.92,
334,5.01,4.94,5.99,7.6,7.06,7.48,7.43,5.82,6.06,7.27,6.35,6.82,6.73,6.04,7.64,7.27,7.21,7.34,5.0,4.78,7.32,7.96,6.81,5.37,5.75,7.11,7.6,7.35,6.6,8.87,6.76,
335,4.92,4.72,5.8,7.58,7.0,7.3,7.39,5.63,5.85,7.21,6.09,6.67,6.33,6.01,7.06,7.18,7.11,7.29,5.02,4.69,7.26,7.93,6.69,5.31,5.65,7.07,7.43,7.15,6.56,8.5,6.59,
336,4.84,4.54,5.6,7.63,6.95,6.84,7.33,5.39,5.71,7.2,5.92,6.51,6.16,5.92,7.0,7.09,6.92,7.15,5.43,4.65,7.23,7.89,6.59,5.27,5.55,7.0,7.15,6.92,6.52,8.03,6.38,
337,4.76,4.39,5.43,7.78,6.88,5.73,7.3,5.12,5.64,7.09,5.65,6.22,5.89,5.78,6.93,6.96,6.87,6.92,5.46,4.6,7.31,7.82,6.52,5.23,5.46,6.97,6.95,6.68,6.44,7.79,6.23,
338,4.68,4.25,5.32,8.1,6.82,5.64,7.4,5.0,5.6,6.86,5.44,5.87,5.64,5.63,6.82,6.79,6.72,6.59,5.41,4.57,7.4,7.74,6.52,5.13,5.4,6.93,6.74,6.48,6.33,7.63,6.07,
339,4.5,4.14,5.3,7.59,6.77,5.6,7.29,4.89,5.59,6.77,5.32,5.54,5.4,5.51,6.71,6.62,6.59,6.33,5.36,4.6,7.43,7.64,6.53,5.01,5.26,6.87,6.59,6.43,6.17,7.39,5.69,
340,4.29,4.09,5.37,7.53,6.71,5.59,7.15,4.71,5.56,6.71,4.73,5.46,5.19,5.43,6.57,6.39,6.49,6.26,5.23,4.6,7.37,7.51,6.53,4.9,5.09,6.75,6.45,6.42,6.09,7.31,5.63,
341,4.02,4.07,5.36,7.44,6.66,5.52,7.11,4.59,5.52,6.54,4.66,5.36,5.13,5.34,6.39,6.16,6.41,6.2,5.09,4.56,7.29,7.41,6.51,4.8,4.94,6.62,6.33,6.27,6.04,6.99,5.51,
342,3.82,4.06,5.29,7.29,6.6,5.77,7.08,4.46,5.51,6.45,4.63,5.21,5.01,5.26,6.64,6.06,6.34,6.11,4.98,4.48,7.26,7.36,6.45,4.78,4.92,6.53,6.23,6.18,6.0,6.86,5.22,
343,3.45,4.09,5.1,7.28,6.49,3.5,7.05,4.41,5.44,6.33,4.56,5.14,3.46,5.17,6.43,5.13,6.2,6.02,4.68,4.39,7.22,7.31,6.33,4.74,4.87,6.46,6.17,6.13,5.99,6.74,5.16,
344,3.22,4.12,4.9,7.12,6.39,3.33,6.87,4.29,5.4,6.22,4.38,5.09,3.42,5.09,6.19,4.98,6.11,5.93,4.4,4.33,7.19,7.23,5.93,4.7,4.76,6.37,6.15,6.08,5.95,6.73,5.07,
345,3.02,4.14,4.81,7.06,6.29,3.17,6.81,4.38,5.34,5.87,4.28,5.08,3.62,4.33,5.97,4.81,6.09,5.82,4.23,4.28,7.17,6.82,5.65,4.69,4.61,6.3,6.11,5.99,5.85,6.67,4.93,
346,2.74,4.16,4.8,7.0,6.19,3.01,7.07,4.36,4.76,5.66,4.55,5.05,3.58,3.96,5.76,4.7,6.06,5.79,4.03,4.24,7.17,6.31,5.43,4.68,4.4,6.26,6.1,5.86,5.77,6.57,4.71,
347,2.6,4.34,4.84,7.0,6.13,2.85,6.95,4.19,4.7,5.53,3.73,4.99,3.17,3.85,5.7,4.6,6.02,5.77,3.84,4.25,7.15,6.14,4.89,4.68,4.07,6.16,6.03,5.83,5.72,6.39,4.7,
348,2.41,4.56,4.94,6.8,6.08,2.62,6.66,4.16,4.63,5.46,3.69,4.98,3.14,3.76,5.58,4.28,5.95,5.74,3.68,4.25,7.1,5.83,4.56,4.69,4.02,5.81,6.08,5.75,5.76,6.13,4.42,
349,2.25,4.7,4.99,6.47,5.97,3.52,6.45,4.15,4.41,5.24,3.64,4.97,3.11,3.76,4.91,4.18,5.81,5.68,3.36,4.21,6.93,5.66,4.46,4.72,3.95,5.69,6.23,5.56,5.76,6.12,4.23,
350,2.09,4.77,5.06,6.45,5.83,3.17,6.33,4.11,4.25,5.15,3.58,4.99,3.09,3.73,4.77,3.73,5.66,5.63,3.15,4.14,6.77,5.49,4.19,4.8,3.88,5.6,6.3,5.51,5.69,6.15,4.23,
351,2.0,4.82,5.5,6.35,5.72,2.89,6.25,4.02,4.13,5.13,3.41,4.95,3.05,3.03,4.07,4.14,5.5,5.59,2.98,3.97,6.61,4.95,4.14,4.79,3.84,5.54,6.29,5.44,5.62,6.17,4.25,
352,1.94,4.85,5.15,6.18,4.67,2.61,6.06,4.12,4.28,3.9,3.33,4.99,2.56,3.0,3.98,3.8,5.47,5.57,2.86,3.9,6.5,4.67,4.32,4.67,3.78,5.43,6.25,5.32,5.55,6.12,4.22,
353,1.85,4.72,4.74,5.91,4.57,2.37,6.01,4.17,4.19,3.84,3.29,4.96,2.56,2.83,3.93,3.72,5.49,5.53,3.0,3.83,6.35,4.56,4.37,4.55,3.67,5.27,6.21,5.26,5.46,6.07,4.09,
354,1.82,4.58,4.47,5.74,4.51,2.17,5.97,4.03,4.18,3.79,3.74,4.99,3.05,2.81,3.86,3.4,5.44,5.48,2.96,3.63,6.35,4.58,4.29,4.53,3.65,5.2,6.13,5.14,5.41,5.93,3.99,
355,1.78,4.45,4.26,5.57,4.4,1.99,5.92,3.94,4.17,3.72,3.29,4.97,3.03,2.74,3.81,2.69,5.38,5.45,2.88,3.58,6.34,4.52,4.18,4.55,3.67,5.11,6.07,5.12,5.39,5.78,3.91,
356,1.75,4.32,4.1,5.39,4.25,1.84,5.83,3.86,4.2,3.61,3.25,4.73,3.03,2.73,3.79,3.39,5.23,5.39,2.82,3.62,6.33,4.49,4.08,4.51,3.8,5.04,5.98,5.05,4.75,5.62,3.73,
357,1.71,4.22,3.96,5.22,4.07,1.08,5.7,3.81,4.08,3.35,3.09,4.77,2.99,2.63,3.62,2.63,5.17,5.32,2.82,3.69,6.31,4.4,3.96,4.42,3.83,4.98,5.81,4.97,5.38,5.27,3.76,
358,1.66,4.11,3.82,5.08,4.5,0.98,5.7,3.71,4.08,3.48,3.04,4.82,2.98,2.29,3.5,3.35,5.11,5.23,2.74,3.78,6.32,4.49,4.01,4.29,3.81,4.95,5.55,4.58,5.38,5.36,3.74,
359,1.58,4.02,3.69,4.97,4.37,0.9,5.27,3.63,4.09,3.09,3.02,4.75,2.51,2.22,3.49,3.33,5.07,5.07,2.54,3.8,6.15,4.48,3.77,4.21,3.81,4.88,5.39,4.36,5.18,5.26,3.7,
360,1.51,3.67,3.56,4.65,4.24,0.84,5.09,3.57,4.01,3.04,3.06,4.66,2.5,2.3,3.48,3.27,5.01,4.95,2.52,3.8,5.99,4.46,3.61,4.11,3.77,4.79,5.27,4.31,5.22,5.11,3.56,
361,1.45,3.42,3.34,4.45,4.13,0.8,4.96,3.47,4.0,2.98,3.02,4.55,2.59,2.28,3.45,3.28,4.85,4.75,2.42,3.79,5.92,4.5,3.35,3.98,3.73,4.64,4.81,4.23,5.18,5.09,3.47,
362,1.46,3.21,3.24,4.31,4.05,0.76,4.79,3.39,3.98,3.0,3.02,4.56,2.55,2.28,3.42,2.48,4.65,4.62,2.5,3.78,5.85,4.51,3.02,3.98,3.69,4.49,4.69,4.1,5.17,5.04,3.47,
363,1.46,3.01,3.15,4.28,3.72,0.98,4.67,3.29,4.02,2.81,3.16,4.43,2.51,1.7,3.62,3.14,4.4,4.51,2.5,3.69,5.73,4.42,2.94,3.95,3.65,4.45,4.63,4.05,5.16,4.98,3.34,
364,1.45,2.83,3.07,4.17,3.57,0.59,4.58,3.27,4.03,2.87,2.67,4.38,2.48,1.7,3.58,2.29,4.29,4.29,2.5,3.58,5.59,4.25,2.6,3.79,3.62,4.17,4.57,3.98,5.11,4.98,3.32,
365,1.44,2.68,2.93,4.02,3.46,0.57,4.51,3.19,4.04,3.2,2.65,4.34,2.48,1.67,2.86,2.19,4.21,4.01,2.28,3.37,5.47,4.13,2.3,3.77,3.57,4.15,4.48,3.83,5.08,4.83,3.19,
366,,2.59,,,,0.59,,,,3.01,,,,1.63,,,,3.9,,,,4.03,,,,4.13,,,,4.85,,
